"AA","codon","eff_all","freq_all","RSCU_all","eff_high","freq_high","RSCU_high"
"Ala","gca",23994,0.0185779944375964,0.957605387877276,193,0.022325043377675,1.06925207756233
"Ala","gcc",33460,0.0259072974027663,1.33539536043901,252,0.0291497975708502,1.39612188365651
"Ala","gcg",18649,0.0144394856325221,0.744285357944625,79,0.00913823019086177,0.437673130193906
"Ala","gct",24122,0.0186771018514504,0.962713893739087,198,0.0229034123770966,1.09695290858726
"Arg","aga",16807,0.0130132680050297,0.796093817843074,120,0.0138808559861191,1.23711340206186
"Arg","agg",18916,0.0146462175036081,0.89599040032841,126,0.0145748987854251,1.29896907216495
"Arg","cga",24287,0.0188048575021215,1.15039748640178,17,0.00196645459803355,0.175257731958763
"Arg","cgc",20587,0.015940033820405,0.975140324146806,109,0.0126084441873916,1.12371134020619
"Arg","cgg",31597,0.0244648199651885,1.49664879885688,67,0.00775014459224986,0.690721649484536
"Arg","cgt",14477,0.011209203362219,0.685729172423049,143,0.0165413533834586,1.47422680412371
"Asn","aac",19263,0.0149148915083529,1.02856685177275,165,0.0190861769809138,1.02803738317757
"Asn","aat",18193,0.0140864154706673,0.971433148227253,156,0.0180451127819549,0.97196261682243
"Asp","gac",22866,0.0177046103530082,0.921793114569056,189,0.0218623481781377,0.931034482758621
"Asp","gat",26746,0.0207088038354569,1.07820688543094,217,0.0251012145748988,1.06896551724138
"Cys","tgc",25923,0.0200715741354427,1.31249050680978,56,0.00647773279352227,1.25842696629213
"Cys","tgt",13579,0.0105139029118997,0.687509493190218,33,0.00381723539618276,0.741573033707865
"Gln","caa",28317,0.0219251924851803,1.00865569566147,41,0.00474262579525737,0.372727272727273
"Gln","cag",27831,0.0215488940232035,0.991344304338534,179,0.0207056101792944,1.62727272727273
"Glu","gaa",32749,0.0253567866898743,1.19999267157671,345,0.0399074609600925,1.18760757314974
"Glu","gag",21833,0.0169047825521398,0.80000732842329,236,0.027299016772701,0.812392426850258
"Gly","gga",32168,0.0249069319441778,1.06625123262925,128,0.0148062463851938,0.719101123595506
"Gly","ggc",38123,0.0295177495183999,1.26363764429013,287,0.0331983805668016,1.6123595505618
"Gly","ggg",24865,0.0192523894178059,0.824183564390895,80,0.0092539039907461,0.449438202247191
"Gly","ggt",25521,0.0197603149138075,0.845927558689725,217,0.0251012145748988,1.21910112359551
"His","cac",17401,0.0134731883474458,0.75960363191898,67,0.00775014459224986,0.887417218543046
"His","cat",28415,0.0220010715989123,1.24039636808102,84,0.0097165991902834,1.11258278145695
"Ile","ata",10860,0.00840864464417341,0.61074140031868,103,0.0119144013880856,0.538327526132404
"Ile","atc",25559,0.0197897374272954,1.43737932327303,289,0.0334297281665703,1.51045296167247
"Ile","att",16926,0.0131054069288471,0.951879276408286,182,0.0210526315789474,0.951219512195122
"Leu","cta",9884,0.00765295061353683,0.563153446589496,15,0.00173510699826489,0.130813953488372
"Leu","ctc",18428,0.0142683704882898,1.0499586922047,126,0.0145748987854251,1.09883720930233
"Leu","ctg",33547,0.0259746594731202,1.91138290901839,236,0.027299016772701,2.05813953488372
"Leu","ctt",21567,0.0166988249577245,1.22880720180045,207,0.0239444765760555,1.80523255813953
"Leu","tta",8713,0.00674627263210709,0.496434235141064,18,0.00208212839791787,0.156976744186047
"Leu","ttg",13168,0.0101956752002279,0.7502635152459,86,0.00994794679005205,0.75
"Lys","aaa",26967,0.0208799189796892,1.05083292742328,413,0.0477732793522267,0.916759156492786
"Lys","aag",24358,0.0188598311457436,0.949167072576717,488,0.0564488143435512,1.08324084350721
"Met","atg",21119,0.0163519490092356,1,183,0.0211683053788317,1
"Phe","ttc",23970,0.0185594117974988,1.06934933416609,145,0.0167727009832273,1.14173228346457
"Phe","ttt",20861,0.0161521856281861,0.930650665833909,109,0.0126084441873916,0.858267716535433
"Pro","cca",21127,0.0163581432226014,0.972004324722229,37,0.00427993059572007,0.485245901639344
"Pro","ccc",18254,0.0141336463475821,0.839824250649858,96,0.0111046847888953,1.25901639344262
"Pro","ccg",24216,0.0187498838584994,1.11412205838375,90,0.0104106419895894,1.18032786885246
"Pro","cct",23345,0.0180754888782899,1.07404936624416,82,0.00948525159051475,1.07540983606557
"Ser","agc",19164,0.0148382381179502,1.20002504748586,107,0.0123770965876229,1.2814371257485
"Ser","agt",10134,0.00784651978122038,0.634578054227807,52,0.00601503759398496,0.622754491017964
"Ser","tca",16165,0.0125161823824183,1.01223152226095,61,0.0070561017929439,0.730538922155689
"Ser","tcc",19878,0.0153910716608544,1.24473480974347,147,0.017004048582996,1.76047904191617
"Ser","tcg",13848,0.0107221833363272,0.867143960424972,54,0.00624638519375361,0.646706586826347
"Ser","tct",16629,0.012875446757639,1.04128660585694,80,0.0092539039907461,0.958083832335329
"Stp","taa",8087,0.00626157543622748,0.768409717163399,39,0.00451127819548872,2.01724137931034
"Stp","tag",3317,0.00256827571682534,0.315174357837393,16,0.00185078079814922,0.827586206896552
"Stp","tga",20169,0.0156163861720381,1.91641592499921,3,0.000347021399652979,0.155172413793103
"Thr","aca",12331,0.00954760562682342,0.824581640670712,86,0.00994794679005205,0.767857142857143
"Thr","acc",22999,0.0178075891502159,1.53795743684906,214,0.0247541931752458,1.91071428571429
"Thr","acg",11929,0.00923634640518827,0.797699650601,54,0.00624638519375361,0.482142857142857
"Thr","act",12558,0.00972336643108009,0.839761271879232,94,0.0108733371891267,0.839285714285714
"Trp","tgg",21073,0.0163163322823818,1,48,0.00555234239444766,1
"Tyr","tac",15450,0.0119625745628434,1.00035611382693,97,0.0112203585887796,1.04301075268817
"Tyr","tat",15439,0.0119540575194653,0.999643886173071,89,0.010294968189705,0.956989247311828
"Val","gta",8823,0.00683144306588785,0.600204081632653,138,0.015962984384037,0.772027972027972
"Val","gtc",17719,0.0137194083287393,1.20537414965986,196,0.0226720647773279,1.0965034965035
"Val","gtg",16628,0.0128746724809683,1.13115646258503,144,0.016657027183343,0.805594405594406
"Val","gtt",15630,0.0121019443635755,1.06326530612245,237,0.0274146905725853,1.32587412587413
