"AA","codon","eff","freq","RSCU"
"Ala","gca",70064,0.0229535909213018,0.659689758256244
"Ala","gcc",102453,0.033564516023352,0.964649389167432
"Ala","gcg",148660,0.0487023410932965,1.39971282630699
"Ala","gct",103653,0.033957646719652,0.975948026269331
"Arg","aga",25602,0.00838744340556018,0.287881258257667
"Arg","agg",61074,0.0200083867881877,0.686745565456948
"Arg","cga",76593,0.0250925495180873,0.861248699856633
"Arg","cgc",168090,0.0550677822842204,1.89008517696005
"Arg","cgg",126327,0.0413858512262402,1.42048182610407
"Arg","cgt",75909,0.0248684650211963,0.853557473364631
"Asn","aac",16484,0.00540030533150746,1.44053132919689
"Asn","aat",6402,0.00209735226476042,0.559468670803111
"Asp","gac",57034,0.0186848467773111,1.40311946467231
"Asp","gat",24262,0.00794844746135853,0.596880535327691
"Cys","tgc",63712,0.0208726191022205,1.48634083751312
"Cys","tgt",22018,0.00721329305927756,0.513659162486877
"Gln","caa",39105,0.0128111465656758,1.01958074777077
"Gln","cag",37603,0.0123190779774736,0.980419252229233
"Glu","gaa",42017,0.0137651437220304,0.931176242451105
"Glu","gag",48228,0.0157999226842964,1.06882375754889
"Gly","gga",98115,0.0321433485562275,1.06232202600721
"Gly","ggc",125353,0.04106676014441,1.35723643608095
"Gly","ggg",85758,0.0280950852110784,0.92852889269048
"Gly","ggt",60210,0.0197253326868517,0.651912645221364
"His","cac",62840,0.0205869441295759,1.16811658859395
"His","cat",44752,0.0146611541006808,0.831883411406052
"Ile","ata",1327,0.000434737028325067,0.143175687825931
"Ile","atc",21757,0.00712778713283231,2.34745549361626
"Ile","att",4721,0.00154664168102686,0.509368818557813
"Leu","cta",18695,0.00612464863944018,0.654029596632188
"Leu","ctc",47622,0.0156013916826649,1.6660175154222
"Leu","ctg",61508,0.0201505690566829,2.15180810000816
"Leu","ctt",34515,0.0113074216523283,1.2074796217042
"Leu","tta",1018,0.000333505874027821,0.0356139143820041
"Leu","ttg",8148,0.0026693574278769,0.285051251851247
"Lys","aaa",3456,0.00113221640534396,0.238131330531248
"Lys","aag",25570,0.00837695992032551,1.76186866946875
"Met","atg",21119,0.00691877264596615,1
"Phe","ttc",26868,0.00880219629015666,1.80789287756956
"Phe","ttt",2855,0.000935323448280381,0.192107122430441
"Pro","cca",64580,0.0211569836392109,0.828291184496154
"Pro","ccc",68555,0.0224592290707046,0.879273802309288
"Pro","ccg",105430,0.0345398077590895,1.35222576000975
"Pro","cct",73306,0.0240156990191389,0.94020925318481
"Ser","agc",55811,0.0182841810759987,1.38654554036876
"Ser","agt",16392,0.00537016531145779,0.407236109328354
"Ser","tca",35331,0.0115747505258123,0.877748839597368
"Ser","tcc",54830,0.0179627967317735,1.3621739796531
"Ser","tcg",56829,0.0186176869500265,1.4118363138739
"Ser","tct",22318,0.00731157573335255,0.554459217178514
"Stp","taa",525,0.000171994679631243,0.0441844807271503
"Stp","tag",1016,0.000332850656200654,0.0855074903214947
"Stp","tga",34105,0.0111731019977592,2.87030802895136
"Thr","aca",23277,0.00762575268147896,0.587932939727844
"Thr","acc",48267,0.0158126994319261,1.21913301550216
"Thr","acg",68051,0.0222941141782586,1.71883939001673
"Thr","act",18770,0.00614921930795893,0.47409465475326
"Trp","tgg",89018,0.02916309026936,1
"Tyr","tac",12447,0.00407774814737159,1.70122326248889
"Tyr","tat",2186,0.000716153085093139,0.298776737511105
"Val","gta",11563,0.00378814186776394,0.356116077271922
"Val","gtc",41549,0.0136118227504734,1.27962180183094
"Val","gtg",54259,0.0177757320421174,1.67106306639257
"Val","gtt",22508,0.00737382142693338,0.693199054504577
