"locus_tag","Laa","AROMA","GRAVY","MMW","GC3","GT3","P2","SCU1","SCU2","SCU3","gene","product","highlyExpressed"
"GSbR_00010",194,0.0876,0.0057,128.68,0.8105,0.5211,0.3559,-0.706851722182512,1.38952511687316,-0.407460963510011,"","TetR family transcriptional regulator",0
"GSbR_00020",134,0.097,-0.2448,128.84,0.7734,0.4062,0.4222,-0.747688098129831,0.0419657062018094,0.172996009927034,"","hypothetical protein",0
"GSbR_00030",197,0.066,-0.1863,127.4,0.8402,0.5,0.3387,-1.10128896571794,1.43906067798336,-0.234033841096349,"","haloacid dehalogenase",0
"GSbR_00040",69,0.0725,0.9768,125.11,0.5373,0.5821,0.5,2.26068654262779,-1.13276825227451,0.00639732859847776,"","hypothetical protein",0
"GSbR_00050",52,0.0385,0.4346,124.71,0.6458,0.4167,0.3846,1.35928441938691,2.9005126270152,3.41607836433133,"","hypothetical protein",0
"GSbR_00060",152,0.0592,-0.2487,129.72,0.75,0.527,0.42,-0.119994380445806,0.21802275252843,-0.142488176003707,"","hypothetical protein",0
"GSbR_00070",216,0.0556,-0.2769,124.01,0.6462,0.5566,0.4242,0.547670567742256,0.206218938481402,-0.841447388933942,"","hypothetical protein",0
"GSbR_00080",45,0.0667,0.4067,132.57,0.75,0.35,0.6154,-0.0675122919930816,-1.73744032762918,2.13000245282096,"","hypothetical protein",0
"GSbR_00090",135,0.0667,-0.3504,131.83,0.8045,0.4436,0.4474,-0.752933033187661,0.111090546815508,2.14506257268839,"","hypothetical protein",0
"GSbR_00100",300,0.0767,0.0523,126.65,0.7763,0.4881,0.5288,-0.568861377479693,0.6091016147128,0.577175437507937,"","hypothetical protein",0
"GSbR_00110",179,0.0838,-0.4385,131.06,0.7907,0.5,0.3273,-0.714690863894657,1.68482021963784,0.0786401896146609,"dsb","dithiol-disulfide isomerase",0
"GSbR_00120",149,0.0738,-0.3725,131.11,0.7113,0.4507,0.575,0.121777875020702,-0.0319868079660169,1.68224249129809,"","hypothetical protein",0
"GSbR_00130",380,0.1079,0.1366,120.13,0.7108,0.4027,0.5093,0.371982787255854,-0.840082019557737,-0.03793501737779,"","hypothetical protein",0
"GSbR_00140",171,0.0819,-0.3211,128.31,0.7246,0.4611,0.4194,-0.209271960652537,-0.239295680013255,0.305615334540011,"","tRNA (N6-threonylcarbamoyladenosine(37)-N6)- methyltransferase TrmO",0
"GSbR_00150",533,0.0638,0.0103,127.44,0.7345,0.4922,0.3795,-0.195271238764308,0.0963642226443836,-0.0938199118289572,"","hypothetical protein",0
"GSbR_00160",299,0.0535,-0.4097,126.4,0.6846,0.4765,0.4615,0.464008726714022,-0.0785451363633889,0.982476237640328,"","DNA-binding protein",0
"GSbR_00170",197,0.0863,-0.1051,128.85,0.7098,0.487,0.5,-0.168153533098573,0.524930191702145,0.395155415884689,"","hypothetical protein",0
"GSbR_00180",125,0.04,-0.5144,134.31,0.7778,0.5299,0.375,-0.407302349975653,0.604661227899368,-0.957179558721777,"","DUF1992 domain-containing protein",0
"GSbR_00190",243,0.0947,-0.0551,127.25,0.7696,0.4348,0.4659,-0.454957975768129,-0.739013017780069,-0.0262238040693951,"","hypothetical protein",0
"GSbR_00200",227,0.1101,0.793,124.03,0.7667,0.481,0.3924,-0.54727079716115,0.643407968347771,-0.556739481754956,"","branched-chain amino acid ABC transporter permease",0
"GSbR_00210",101,0.0594,0.9941,122.54,0.7609,0.6739,0.4,-0.31466904033786,4.02010395601561,-3.18880650565853,"","branched-chain amino acid transport",0
"GSbR_00220",60,0.1167,-0.5683,133.16,0.5263,0.5263,0.2857,1.60042660667463,-0.0251574616965809,1.14327917256929,"","hypothetical protein",0
"GSbR_00230",438,0.0639,-0.3463,128.05,0.7791,0.4679,0.4485,-0.897768749775953,0.237428249517534,-0.379009263221227,"lysA","diaminopimelate decarboxylase",0
"GSbR_00240",424,0.0991,-0.2314,130.44,0.6893,0.5,0.4676,-0.0220931315542988,0.712484697678928,-0.423314194702361,"","hsp70 family protein",0
"GSbR_00250",115,0.0957,-0.4461,133.52,0.8073,0.5046,0.3667,-0.625666336770127,1.36518630021944,0.277015403238896,"hxlR","HxlR family transcriptional regulator",0
"GSbR_00260",210,0.081,-0.0857,127.95,0.809,0.4221,0.4394,-0.918233806184086,0.192082112777605,1.02033725628795,"","FMN reductase",0
"GSbR_00270",228,0.0658,-0.0912,123.7,0.7195,0.4661,0.3103,0.109101324239209,1.18870584285189,1.44468213176953,"","hypothetical protein",0
"GSbR_00280",338,0.1095,-0.1003,128.82,0.6698,0.5047,0.3585,0.499900547819695,0.431361408417368,-0.362385779871479,"","alpha/beta hydrolase",0
"GSbR_00290",424,0.0519,-0.3031,126.73,0.7439,0.4927,0.3577,-0.259307156910367,1.05307159877879,0.627930478796856,"","transpeptidase",0
"GSbR_00300",99,0.0101,-0.6374,127.26,0.6316,0.5263,0.48,0.643149859710005,-0.92551714480051,-0.22349130878902,"","lipoprotein",0
"GSbR_00310",312,0.0737,-0.4407,128.92,0.7314,0.4951,0.4348,0.215341748328223,0.68131939628365,1.88222588441814,"","transpeptidase",0
"GSbR_00320",438,0.0479,-0.3475,128.54,0.8279,0.4674,0.4173,-0.939609508857626,0.339491232909513,1.23751494797043,"rhlE-2","ATP-dependent RNA helicase RhlE",0
"GSbR_00330",206,0.0971,-0.3277,131.32,0.607,0.5224,0.5079,1.60499036555974,-0.0124260966752974,-0.301892192265304,"","hypothetical protein",0
"GSbR_00340",87,0.0345,0.6264,126.88,0.5814,0.5,0.4444,1.22842712509338,-0.776869519567391,1.0853065029111,"","hypothetical protein",0
"GSbR_00350",197,0.0457,-0.3462,127.37,0.7268,0.5052,0.3962,0.448604635117519,0.627336338002937,1.55773355958569,"","hypothetical protein",0
"GSbR_00360",1426,0.0849,-0.2399,128.82,0.4432,0.5539,0.4672,3.51465168240121,-0.745064888178961,-1.46339308632054,"","hypothetical protein",0
"GSbR_00370",127,0.063,-0.1669,127.72,0.6885,0.7049,0.4,0.475171472059636,3.23764895350578,-0.0234261940888722,"","hypothetical protein",0
"GSbR_00380",633,0.0695,-0.0491,126.85,0.6526,0.4643,0.5464,1.05805182161794,0.136483661624036,1.26871256909401,"","hypothetical protein",0
"GSbR_00390",315,0.054,-0.0765,127.38,0.7843,0.5621,0.3474,-0.587947679354669,1.73160272397639,-0.460498415415024,"","hypothetical protein",0
"GSbR_00400",110,0.1273,-0.6945,135.44,0.7944,0.4206,0.4865,-1.01156525566961,-0.494842359480968,1.43642675803994,"","hypothetical protein",0
"GSbR_00410",138,0.058,-0.2051,129.88,0.6489,0.5725,0.4815,0.777274786977254,1.29648489784138,-0.167115257275228,"vapC","ribonuclease VapC",0
"GSbR_00420",92,0.0543,-0.9196,133.13,0.6374,0.5604,0.45,0.994611558106456,-0.700815189371945,-0.553393453908059,"","antitoxin",0
"GSbR_00430",101,0.0693,-0.7347,132.37,0.6162,0.5657,0.4643,1.0507199267148,-0.186323718346284,0.276032951453433,"","hypothetical protein",0
"GSbR_00440",58,0.1034,-0.6621,134.54,0.5965,0.4737,0.4,1.69893671323486,1.38692385861285,4.69460481807628,"","hypothetical protein",0
"GSbR_00450",409,0.1198,-0.154,128.57,0.8816,0.3552,0.4703,-1.74340813723808,-1.2513706054534,0.0221260940656358,"dapL","LL-diaminopimelate aminotransferase",0
"GSbR_00460",507,0.0789,0.0278,129.1,0.8184,0.4898,0.4667,-1.00796040197673,0.692250395277718,0.489359211439345,"","diguanylate cyclase",0
"GSbR_00470",267,0.0599,-0.0333,125.69,0.6679,0.4906,0.4512,0.239223012746869,0.357798686416295,0.200045028159641,"","methionine ABC transporter substrate-binding protein",0
"GSbR_00480",217,0.0599,0.8512,124.07,0.6364,0.5072,0.3788,1.23938790107582,1.2529819411132,0.897066497121322,"","methionine ABC transporter permease",0
"GSbR_00490",335,0.0537,-0.0149,128.35,0.7301,0.4294,0.3981,0.0723479301629565,-0.559690848946914,0.949730084264285,"","methionine import ATP-binding protein MetN",0
"GSbR_00500",266,0.0376,0.0259,124.31,0.7969,0.4141,0.398,-1.08666175467051,-0.356827223184857,-1.14170785612227,"dapB","4-hydroxy-tetrahydrodipicolinate reductase",0
"GSbR_00510",289,0.0519,0.0415,125.87,0.853,0.4337,0.4717,-1.57009418788226,-0.472194178039989,-0.836146825367972,"dapA","4-hydroxy-tetrahydrodipicolinate synthase",0
"GSbR_00520",137,0.0803,-0.1715,126.77,0.8571,0.4511,0.4694,-1.10360719054378,0.415847032070754,1.84972417939768,"","hypothetical protein",0
"GSbR_00530",341,0.1144,-0.1994,133.66,0.8343,0.4789,0.5156,-1.26515216137878,-0.623689492452638,-1.27515603079685,"","Rossman fold protein, TIGR00730 family",0
"GSbR_00540",527,0.0683,-0.3581,127.62,0.7883,0.4505,0.4036,-0.846419102287266,-0.582116365745967,0.77439141183393,"","peptidylprolyl isomerase",0
"GSbR_00550",295,0.0949,-0.2214,129.81,0.8035,0.4386,0.5104,-0.922410146333566,0.141987345913039,-0.313686230184676,"purC","phosphoribosylaminoimidazole-succinocarboxamide synthase",0
"GSbR_00560",58,0.0517,-0.6155,127.48,0.7679,0.3929,0.4667,-0.269617803633906,0.529612218982224,3.32205345614514,"","SAP domain-containing protein",0
"GSbR_00570",134,0.0821,-0.5537,134.5,0.7462,0.5,0.5,-0.445523320495202,-0.0685932355118174,0.839849814288922,"","hemerythrin",0
"GSbR_00580",817,0.0783,-0.3777,130.72,0.7866,0.4924,0.464,-0.854731749530492,0.177784630974664,-0.49171470100974,"","ATP-dependent protease",0
"GSbR_00590",280,0.0786,-0.27,131.51,0.7336,0.5182,0.325,-0.106784630634348,0.710430681429758,-0.140360739831856,"","HD family phosphohydrolase",0
"GSbR_00600",683,0.063,-0.2186,128.98,0.8164,0.4373,0.3767,-1.07353983828985,0.502765643357928,-0.450133135721566,"ligA","DNA ligase",0
"GSbR_00610",178,0.1011,0.836,125.9,0.7811,0.4615,0.3333,-0.67459957399265,0.351993384811126,-0.454754536597004,"","hypothetical protein",0
"GSbR_00620",243,0.0617,-0.3107,127,0.7722,0.4388,0.4189,-0.682921844185722,0.481440910473897,0.777309799542336,"","hypothetical protein",0
"GSbR_00630",147,0.0612,-0.6592,134.26,0.7535,0.5423,0.45,-0.243500196046634,0.157923587921757,0.1486879026655,"hspA-1","molecular chaperone",0
"GSbR_00640",99,0.0303,-0.4121,124.88,0.6701,0.6082,0.5172,0.425965124148751,0.632665989016129,-1.41885206101468,"","hypothetical protein",0
"GSbR_00650",326,0.046,-0.0202,126.19,0.7873,0.4,0.3945,-0.76050866048333,-0.146637781885051,1.36287917855727,"nifR3","tRNA-dihydrouridine synthase",0
"GSbR_00660",369,0.0461,0.0054,126.86,0.7583,0.45,0.4486,-0.516245193463112,0.215591947177534,0.0031353727537671,"gnfL","PAS domain-containing sensor histidine kinase",0
"GSbR_00670",479,0.0501,-0.1871,130.03,0.8182,0.4502,0.4315,-1.28950004522341,0.304601651244243,0.177557251255374,"gnfM","acetoacetate metabolism regulatory protein AtoC",0
"GSbR_00680",187,0.0642,0.1834,127.82,0.8056,0.5056,0.3913,-0.932942050073471,1.10929670910822,-0.178762013858023,"","hydrolase",0
"GSbR_00690",164,0.0549,0.3646,119,0.679,0.5309,0.5102,0.696890320641901,1.09951021595026,0.0478735015404138,"","hypothetical protein",0
"GSbR_00700",1783,0.0897,0.0619,120.72,0.7394,0.4185,0.4257,-0.00232092157358622,0.360748218934295,1.21917756009635,"","hypothetical protein",0
"GSbR_00710",291,0.0481,-0.0942,122.14,0.6049,0.479,0.4321,1.79309353881494,-0.0532786088726574,0.208956333463176,"","hypothetical protein",0
"GSbR_00720",504,0.1012,-0.3319,129.78,0.6933,0.4601,0.494,0.375531910893604,0.17401359247221,0.594966067454252,"","tetratricopeptide repeat domain protein",0
"GSbR_00730",537,0.0745,-0.6339,130.28,0.7583,0.4522,0.4194,-0.584955843511619,0.111935322230359,-0.425715160535195,"","cytochrome c-552",0
"GSbR_00740",657,0.0852,0.1072,128.58,0.7373,0.4494,0.4424,-0.155047862960542,0.534950676382476,0.398882590529891,"","adenylate/guanylate cyclase domain-containing protein",0
"GSbR_00750",211,0.1043,-0.1938,131.16,0.7164,0.5373,0.4444,-0.0210141643780372,1.25912572042054,-0.86678114164871,"","haloacid dehalogenase",0
"GSbR_00760",105,0.0857,-1.0314,136.86,0.7576,0.3838,0.5484,-0.660466865941942,0.403854883963405,0.637998646210873,"","HNH endonuclease",0
"GSbR_00770",789,0.0406,-0.2288,128.71,0.7559,0.4935,0.3786,-0.534255922679254,0.172432411862763,-0.416196100617788,"mutS2","endonuclease MutS2",0
"GSbR_00780",116,0.0345,-0.8983,133.65,0.7876,0.4956,0.3548,-0.710950930666448,0.150516472818827,0.120305546185091,"","peptidyl-tRNA hydrolase",0
"GSbR_00790",409,0.0782,0.0851,130.8,0.7374,0.5126,0.5124,-0.16988327039763,0.778245899735066,-0.128191823676974,"","cyclic diguanylate phosphodiesterase",0
"GSbR_00800",173,0.0405,0.1133,126.25,0.6627,0.5089,0.3571,0.720804119289516,0.76222055505028,-0.811272369737116,"nudF","ADP-ribose pyrophosphatase",0
"GSbR_00810",216,0.125,-0.0755,131.47,0.6779,0.4087,0.4286,0.0853427126159866,-0.889077768830732,0.590341540676841,"","1-acyl-sn-glycerol-3-phosphate acyltransferase",0
"GSbR_00820",161,0.0621,-0.6317,129.8,0.7078,0.3701,0.4,-0.0973532062076646,-0.150989576273484,1.71005612705838,"rnhA","ribonuclease H",0
"GSbR_00830",156,0.0705,0.1346,127.7,0.5946,0.4257,0.4783,1.06816178219408,-2.41859461134406,0.758333331777792,"","lipoprotein",0
"GSbR_00840",109,0.0826,-0.4826,131.6,0.6635,0.5192,0.5172,0.480652900133742,0.140409141646357,0.187372202033235,"","hypothetical protein",0
"GSbR_00850",194,0.0979,-0.1851,130.85,0.6073,0.5864,0.4098,0.919841557091208,1.01454285863724,-1.17703997944537,"mglA","cell polarity determinant GTPase MglA",0
"GSbR_00860",162,0.0617,-0.0549,128.18,0.6038,0.5849,0.5,0.709749238602175,-0.533791189152706,-1.43480761364374,"mglB","dynein regulation protein LC7",0
"GSbR_00870",361,0.0997,-0.3861,130.89,0.7126,0.408,0.4516,-0.23928608835332,-1.4303665987348,-0.295754959240582,"","radical SAM/SPASM domain-containing protein",0
"GSbR_00880",218,0.1009,-0.0807,128.25,0.6759,0.5324,0.4912,0.617252802080806,1.04222348590474,0.474249425587031,"","flavodoxin family protein",0
"GSbR_00890",108,0.0278,-0.1019,126.41,0.5189,0.4151,0.3462,2.76714815251312,0.519033953437166,1.50282012946509,"","transcriptional regulator",0
"GSbR_00900",280,0.1036,-0.0979,128.74,0.7912,0.4835,0.4804,-0.616244518523567,-0.905099355014657,-0.51478111206817,"hdrF","heterodisulfide reductase subunit F",0
"GSbR_00910",121,0.0744,-0.0074,129.69,0.7414,0.5517,0.4706,-0.383796631803992,1.12719926369277,-0.782823216578431,"","hypothetical protein",0
"GSbR_00920",335,0.0925,-0.3355,129.54,0.7439,0.4329,0.3853,-0.405369354273196,-0.119478231056041,-0.51785935474754,"hdrE","heterodisulfide reductase subunit A",0
"GSbR_00930",305,0.059,-0.1216,127.69,0.7609,0.4377,0.4396,-0.414121248994149,-0.823337339759098,0.367057515971627,"hdrD","Fe-S oxidoreductase",0
"GSbR_00940",165,0.1152,-0.1309,130.45,0.7595,0.481,0.4821,-0.789387372328739,-0.763508040361028,-1.30577614629388,"hdrG","heterodisulfide reductase subunit D",0
"GSbR_00950",664,0.0678,-0.1399,127.42,0.805,0.4041,0.3894,-0.973059813979413,-0.958606360523293,0.369701153627252,"hdrA","disulfide reductase",0
"GSbR_00960",293,0.058,0.0819,126.39,0.7924,0.4671,0.369,-0.939380868840892,0.316913958547087,-0.714618714903789,"hdrB","heterodisulfide reductase subunit B",0
"GSbR_00970",193,0.0777,-0.3674,132.88,0.7821,0.4469,0.4667,-0.821615813274656,-0.368867797098894,-0.431843775150774,"hdrC","Fe-S oxidoreductase",0
"GSbR_00980",121,0.0413,0.2083,125.28,0.6441,0.4746,0.375,0.656932280439646,0.748655957832244,-0.38222332542766,"","response regulator",0
"GSbR_00990",664,0.0753,-0.1063,130.53,0.6651,0.5571,0.4486,0.837691001578832,1.27567924981967,-0.291751652292597,"","sensor histidine kinase",0
"GSbR_01000",538,0.0762,-0.1394,129.82,0.6979,0.5258,0.5197,0.238638567652317,0.96428668273889,0.0466007359009576,"","hypothetical protein",0
"GSbR_01010",115,0.0261,-0.3817,125.74,0.5536,0.4286,0.4062,1.45010589854315,-0.74552682191066,1.03585494856562,"","hypothetical protein",0
"GSbR_01020",314,0.0955,0.0127,128.66,0.6885,0.4262,0.4909,0.287856405992382,-0.111589688746002,0.948435328114636,"","hypothetical protein",0
"GSbR_01030",49,0.0408,-0.2633,128.02,0.7292,0.5625,0.6,0.0890333572830983,1.97315083159685,0.0865577015291861,"","hypothetical protein",0
"GSbR_01040",254,0.0984,0.0559,125.01,0.6885,0.5533,0.4405,0.925630585654676,0.412057592133149,-0.284337065857301,"","hypothetical protein",0
"GSbR_01050",57,0.0526,-0.3807,119.94,0.5439,0.4211,0.5,1.06110941790804,-2.05995230837453,-1.06778248707839,"","hypothetical protein",0
"GSbR_01060",63,0.1429,-0.0778,126.09,0.6552,0.4828,0.3158,1.50463012447822,1.51619577250371,-1.28692661588352,"","hypothetical protein",0
"GSbR_01070",409,0.1076,0.8196,124.18,0.7738,0.473,0.5102,-0.130319084222644,1.13503461830789,0.387885796471339,"","MFS transporter",0
"GSbR_01080",105,0.0857,-0.2848,132.91,0.74,0.51,0.6296,0.20893605048226,-0.501122266786082,1.0023168567888,"","MarR family transcriptional regulator",0
"GSbR_01090",534,0.1217,0.5339,126.97,0.6556,0.5272,0.462,0.98168982829077,0.233705595443252,0.164108266930534,"","hypothetical protein",0
"GSbR_01100",226,0.115,-0.1916,132.6,0.7064,0.4174,0.5789,0.0575789298792737,0.823191360846125,1.79139141229037,"","glycosyl transferase",0
"GSbR_01110",824,0.0595,-0.1881,128.45,0.7079,0.4881,0.4132,0.20152315051787,0.616509215936445,0.295855507731348,"","hypothetical protein",0
"GSbR_01120",666,0.0781,-0.2911,130.28,0.6994,0.4922,0.4563,0.242080606798268,0.0374758677224345,0.728139643275495,"","hypothetical protein",0
"GSbR_01130",822,0.0669,-0.2162,130.87,0.7249,0.4743,0.4523,-0.0763603837732673,0.528235838615409,0.994180799209942,"","hypothetical protein",0
"GSbR_01140",311,0.0932,-0.3723,128.59,0.6689,0.4812,0.4737,0.332042109508587,-0.51102676425843,-0.959479113076656,"","transporter",0
"GSbR_01150",250,0.1,1.0376,123.88,0.7848,0.4515,0.4545,-0.484015315066648,-0.37850481236639,-0.0473686834910969,"yfcA","UPF0721 transmembrane protein",0
"GSbR_01160",76,0.0395,-0.3868,126.49,0.6351,0.4595,0.2609,0.814980226757811,-1.60286441531375,0.59070862699958,"","lipoprotein",0
"GSbR_01170",336,0.0774,-0.0583,129.13,0.6844,0.4562,0.3729,0.118882924318068,-0.938360355551505,-0.575769458673356,"","glycosyl transferase",0
"GSbR_01180",96,0.0625,-0.0375,127.23,0.6087,0.5326,0.5556,0.963153611523292,0.0456785955000607,-1.11355302289287,"","hypothetical protein",0
"GSbR_01190",484,0.1198,0.8661,124.89,0.7539,0.4257,0.5146,-0.650842448007765,-1.9198723743702,-0.685260702833941,"nuoN-1","NADH-quinone oxidoreductase subunit N",0
"GSbR_01200",544,0.1268,0.8002,127.78,0.7431,0.4353,0.5714,-0.375680094347744,-1.33926700518332,0.0194010581083894,"nuoM-1","NADH:ubiquinone oxidoreductase subunit M",0
"GSbR_01210",667,0.1544,0.6597,128.54,0.7319,0.4302,0.6215,-0.502521527228668,-2.54303201646032,-0.816199544542315,"nuoL-1","NADH-quinone oxidoreductase subunit L",0
"GSbR_01220",99,0.1111,1.0152,128.18,0.6667,0.4409,0.5789,0.48510088066549,-1.5263282898272,0.890005531938982,"nuoK1","NADH-quinone oxidoreductase subunit K 1",0
"GSbR_01230",166,0.1024,1.1982,127.17,0.7785,0.481,0.6066,-0.363801231387732,-0.102239186316572,-0.905015375350694,"nuoJ-1","NADH dehydrogenase subunit J",0
"GSbR_01240",133,0.0902,-0.1699,131.65,0.5692,0.4462,0.4186,1.29225913558682,-1.58479700935202,-0.44662973091678,"nuoI1","NADH-quinone oxidoreductase subunit I 1",0
"GSbR_01250",350,0.1429,0.8717,127.92,0.7082,0.4681,0.5368,0.0578616589489959,-0.866229703532369,-1.1437231465242,"nuoH1","NADH-quinone oxidoreductase subunit H 1",0
"GSbR_01260",820,0.0732,0.0888,124.35,0.7164,0.4042,0.4618,-0.129152963540768,-1.5480611890227,0.345095049385239,"nuoG-1","NADH dehydrogenase subunit G",0
"GSbR_01270",590,0.0763,-0.138,127.52,0.7553,0.4043,0.493,-0.826970996765806,-2.13259910071899,-0.0970820158819011,"nuoF-1","NADH dehydrogenase",0
"GSbR_01280",169,0.0888,-0.0426,129.09,0.622,0.5122,0.386,0.537863283971392,-0.746797924222138,-0.18163022886998,"nuoE-1","NADH dehydrogenase subunit E",0
"GSbR_01290",389,0.0797,-0.1416,130,0.6909,0.457,0.5735,-0.181685811539906,-2.02718775478409,-0.221051920374551,"nuoD","NADH-quinone oxidoreductase subunit D",0
"GSbR_01300",161,0.1056,-0.4062,134.2,0.6903,0.5161,0.5098,-0.0531050246880642,-1.08040249934494,-1.24956857010857,"nuoC","NADH-quinone oxidoreductase subunit C",0
"GSbR_01310",169,0.071,0.2408,125.43,0.7215,0.557,0.5893,-0.264165714929914,-0.370476935432308,-1.93187704433987,"nuoB","NADH-quinone oxidoreductase subunit B",0
"GSbR_01320",117,0.1709,1.0915,130.62,0.6036,0.5946,0.4634,1.59798902893414,0.904617071667656,-1.04882706472289,"nuoA1","NADH-quinone oxidoreductase subunit A 1",0
"GSbR_01330",427,0.0843,0.1171,122.72,0.7022,0.3462,0.3208,-0.20298666459065,-0.580426658364448,0.94088338743139,"hemL","glutamate-1-semialdehyde 2,1-aminomutase",0
"GSbR_01340",77,0.1558,0.3442,131.29,0.6164,0.4247,0.5455,1.01675077244785,0.257396187873049,0.485252629940691,"atpZ","membrane protein",0
"GSbR_01350",126,0.0952,1.2746,124.57,0.5902,0.4426,0.4773,1.46132533441451,-0.94437124819931,0.902936053888656,"atpI","ATP synthase subunit I",0
"GSbR_01360",228,0.1184,1.1083,128.02,0.7907,0.4512,0.5543,-0.825800868308815,-1.44185154388641,-1.004847580494,"atpB","ATP synthase subunit a",0
"GSbR_01370",90,0.0556,1.0633,119.3,0.7176,0.4,0.4737,-0.544865894454163,-4.17691053450357,-0.26724959706475,"atpE","ATP synthase subunit c",0
"GSbR_01380",251,0.0637,0.112,126.49,0.7306,0.4857,0.4571,0.0736958829069723,0.0875417616334389,1.40111891884637,"","lipoprotein",0
"GSbR_01390",251,0.0398,0.0068,120.71,0.6341,0.5528,0.4722,1.05243355089066,-1.06538020870256,-0.38876572289427,"","hypothetical protein",0
"GSbR_01400",285,0.0772,-0.0674,130.83,0.7014,0.5,0.3673,-0.0712297068172788,-0.117687985844251,-1.20804991069093,"","hypothetical protein",0
"GSbR_01410",457,0.081,-0.1219,129.92,0.7872,0.4439,0.4684,-1.10291597910832,-0.485332863455416,-0.919084538734406,"argH","argininosuccinate lyase",0
"GSbR_01420",391,0.1074,-0.265,132.61,0.7493,0.4856,0.5462,-0.49251711795564,0.751456256472255,-0.0553589367007224,"","hypothetical protein",0
"GSbR_01430",147,0.0816,-0.066,131.63,0.7203,0.5524,0.5476,-0.336428926179634,1.67370587195963,-1.35638756592429,"","DNA mismatch repair protein MutT",0
"GSbR_01440",408,0.0882,-0.3676,130.52,0.8422,0.4606,0.5034,-1.43939081356512,-0.711275057443101,-1.15133267651107,"argG","argininosuccinate synthase",0
"GSbR_01450",302,0.0762,-0.1851,128.89,0.7902,0.4895,0.4146,-0.905493701544006,1.79166490127903,-1.0809443202569,"argF","ornithine carbamoyltransferase",0
"GSbR_01460",397,0.0856,0.0589,126.93,0.8161,0.4482,0.4444,-0.999007377226041,0.455389939197313,-0.0407927554489016,"argD","acetylornithine aminotransferase",0
"GSbR_01470",291,0.0412,0.1729,125.19,0.7951,0.5053,0.4706,-0.685985793165577,1.02392481381452,-0.214894119914968,"argB","acetylglutamate kinase",0
"GSbR_01480",367,0.0627,-0.1409,128.9,0.7458,0.5196,0.6042,-0.313036912283593,0.492015529144901,0.414704403923881,"","hybrid sensor histidine kinase/response regulator",0
"GSbR_01490",877,0.0673,-0.2794,127.32,0.7724,0.4505,0.4064,-0.890747548392041,0.316780328361326,-0.153826341731709,"alaS","alanine--tRNA ligase",0
"GSbR_01500",158,0.0823,-0.6418,133.42,0.6516,0.5355,0.4884,0.642465406482939,1.174032567532,0.330614688624796,"recX","regulatory protein RecX",0
"GSbR_01510",383,0.0496,-0.2123,128.2,0.7676,0.4703,0.4919,-0.708977395917169,-0.109150688928175,-1.15285220050364,"pilT-1","twitching motility protein PilT",0
"GSbR_01520",339,0.0442,-0.0823,125.14,0.8262,0.4817,0.4425,-1.33855481520703,0.185991568737126,-0.581918489095147,"recA","protein RecA",0
"GSbR_01530",416,0.0529,0.1904,122.66,0.7783,0.5025,0.3254,-0.536744227319547,0.841625860224613,-0.0767130469545419,"","CinA-like protein",0
"GSbR_01540",399,0.0526,-5e-04,125.9,0.7786,0.4758,0.4298,-0.769362286957024,0.521611908535118,-0.160807505806882,"","UPF0272 protein",0
"GSbR_01550",248,0.0403,0.3008,122.34,0.7975,0.4752,0.4074,-0.774511232868873,0.946441107771139,-0.0546222712135322,"","1-(5-phosphoribosyl)-5-amino-4-imidazole- carboxylate carboxylase",0
"GSbR_01560",295,0.061,0.0753,127.67,0.8125,0.4653,0.4516,-0.891047559473967,1.0286154427602,0.426129131899648,"","transcriptional regulator",0
"GSbR_01570",426,0.0704,-0.0441,126.13,0.8293,0.378,0.45,-1.26601903679835,-1.07474735872037,0.175450277079593,"leuC","3-isopropylmalate dehydratase large subunit",0
"GSbR_01580",174,0.1034,-0.1374,128.15,0.8036,0.3929,0.4366,-1.29019309734798,-0.370283725527689,-0.264742260209304,"leuD","3-isopropylmalate dehydratase small subunit",0
"GSbR_01590",333,0.0901,0.009,124.35,0.7375,0.475,0.3714,-0.226449406881248,0.778419632225502,0.827015610870525,"","hypothetical protein",0
"GSbR_01600",564,0.0319,-0.2188,127.71,0.7664,0.5091,0.3757,-0.568715435104942,0.40087811037884,-0.661953821452567,"","hypothetical protein",0
"GSbR_01610",61,0.0656,-0.0148,125.37,0.5902,0.4098,0.5,0.777223104343745,-1.02608514067428,1.21361816192237,"tatA","Sec-independent protein translocase protein TatA",0
"GSbR_01620",433,0.0901,-0.1106,129.82,0.7812,0.4375,0.5669,-0.905874326891715,-0.752343916391441,-0.518444242861976,"","aminotransferase",0
"GSbR_01630",202,0.104,-0.2371,129.32,0.6823,0.5312,0.4688,0.713841044983267,0.73559582050357,-0.267156260273928,"","hypothetical protein",0
"GSbR_01640",154,0.0714,-0.3591,128.96,0.7105,0.4671,0.5741,-0.299591101566935,-2.02479135223814,-0.0121569912278591,"","hypothetical protein",0
"GSbR_01650",116,0.069,0.2681,126.14,0.7297,0.5766,0.3714,-0.344800090722005,0.913631597206175,-2.24611107430582,"","glyoxalase",0
"GSbR_01660",339,0.0796,0.0614,128.93,0.7603,0.5174,0.4112,-0.551584308897814,0.649282658248789,-0.43075746483146,"hemE","uroporphyrinogen decarboxylase",0
"GSbR_01670",69,0.0435,-0.1551,126.18,0.7794,0.3824,0.3043,-0.999966555496155,-0.156756414092417,0.256849849888222,"","RNA-binding protein",0
"GSbR_01680",115,0.1217,-0.7748,135.64,0.7182,0.5364,0.3793,0.284231069275169,1.00445747518709,0.917166585379404,"","hypothetical protein",0
"GSbR_01690",421,0.0808,-0.4159,131.12,0.7518,0.4866,0.4088,-0.640669653764142,0.0410348795930577,0.418466249234785,"serS","serine--tRNA ligase",0
"GSbR_01700",339,0.0914,-0.0448,126.86,0.7139,0.4337,0.408,-0.162482472237584,0.187563211202445,0.23890158278394,"","capsular polysaccharide biosynthesis protein",0
"GSbR_01710",572,0.0944,-0.1353,131.26,0.7473,0.4531,0.413,-0.333270760882037,0.351500479974794,0.187391882950315,"","B12-binding domain-containing radical SAM protein",0
"GSbR_01720",434,0.0783,0.223,125.16,0.7794,0.4676,0.4196,-0.609137942801292,0.588532148200112,0.215583552389006,"","hypothetical protein",0
"GSbR_01730",74,0.0946,0.0959,131.13,0.6567,0.4328,0.4333,0.134019798976504,-0.0723462848569157,-1.56606472660978,"","DUF4911 domain-containing protein",0
"GSbR_01740",299,0.0836,-0.0251,126.52,0.77,0.4355,0.3367,-0.604303511042956,0.182942714703843,-0.230298281292678,"arnD","4-deoxy-4-formamido-L-arabinose- phosphoundecaprenol deformylase",0
"GSbR_01750",605,0.1058,0.6666,128.1,0.7868,0.4003,0.5227,-0.769035825498892,-0.286210051371488,0.22411006640717,"kup2","putative potassium transport system protein kup 2",0
"GSbR_01760",605,0.1306,0.6595,128.95,0.7822,0.4129,0.5302,-0.711384019236772,-0.256534831231328,0.031343813053711,"kup3","putative potassium transport system protein kup 3",0
"GSbR_01770",336,0.1012,0.7869,126.24,0.735,0.4732,0.5378,-0.394742152549851,-0.634543294974708,-0.485010340633585,"","membrane protein",0
"GSbR_01780",310,0.0581,-0.1671,128.14,0.7492,0.5116,0.4,-0.179407118778069,0.920784687591033,0.169586794427388,"yhcC-1","TIGR01212 family radical SAM protein",0
"GSbR_01790",167,0.0958,-0.4485,130.13,0.7317,0.5305,0.4667,0.0349406147630522,1.03235060628094,-0.448769664390402,"","hypothetical protein",0
"GSbR_01800",136,0.0735,-0.1463,128.65,0.6742,0.4621,0.5814,0.431197188201915,-1.53529206039107,1.20783011097816,"atpC","ATP synthase epsilon chain",0
"GSbR_01810",470,0.0638,-0.1255,126.25,0.7783,0.4022,0.5109,-1.04770911620221,-3.76858665542829,-0.584822745547875,"atpD","ATP synthase subunit beta",0
"GSbR_01820",287,0.0557,-0.1815,128.51,0.769,0.4332,0.5,-0.830698685644692,-1.91846566506467,-0.0293828191252317,"atpG","ATP synthase gamma chain",0
"GSbR_01830",501,0.0639,-0.0505,126.06,0.7739,0.4155,0.4951,-1.19861559518998,-3.35173232538278,-0.371547082943575,"atpA","ATP synthase subunit alpha",0
"GSbR_01840",179,0.0559,0.1296,125.64,0.736,0.5281,0.431,0.0734902694388071,-0.281564393210537,-1.59670980723587,"atpH","ATP synthase subunit delta",0
"GSbR_01850",202,0.0446,-0.1658,125.9,0.6818,0.5354,0.3784,-0.220184791110449,-1.36455995507497,-1.18639872805049,"atpF","ATP synthase subunit b",0
"GSbR_01860",140,0.0357,-0.1407,129.82,0.6739,0.6014,0.5116,0.28995255209246,-0.912306268092764,-1.9412546275054,"atpF","ATP synthase subunit b",0
"GSbR_01870",283,0.0318,-0.4445,131.25,0.7276,0.5591,0.4615,-0.541138070463886,-0.376191600603283,-1.63315801324419,"","chromosome partitioning protein ParB",0
"GSbR_01880",256,0.0547,0.1117,125.96,0.6813,0.5299,0.4409,0.193582281112436,0.460641233270169,-1.68003832910908,"","chromosome partitioning protein ParA",0
"GSbR_01890",86,0.0349,-0.3535,128.26,0.759,0.506,0.4,0.0268469640402016,1.55579819188206,2.86852016726397,"","cytochrome c",0
"GSbR_01900",295,0.0678,-0.2593,128.68,0.7289,0.5,0.3846,-0.177518908899079,0.30557590786941,-0.980160614371191,"","RNA pseudouridine synthase",0
"GSbR_01910",195,0.0718,0.0662,124.31,0.7672,0.4074,0.3968,-0.46563493349917,0.73426320740954,0.656420627855328,"","rRNA methyltransferase",0
"GSbR_01920",399,0.0902,0.2551,127.62,0.7598,0.4386,0.447,-0.33908219131687,-0.655431764869501,0.100336295312585,"hpnI","ceramide glucosyltransferase",0
"GSbR_01930",255,0.1216,0.7773,126.49,0.7552,0.4066,0.4624,-0.387371862044635,-0.241880236603244,-0.274005699473447,"","ABC transporter permease",0
"GSbR_01940",247,0.0607,-0.0158,128.36,0.8174,0.4606,0.5062,-1.06114677621483,0.894259916851853,0.396391096524929,"","ABC transporter ATP-binding protein",0
"GSbR_01950",149,0.0537,0.1181,124.33,0.7123,0.411,0.5,-0.08145089830223,0.161793463325926,1.45338615146974,"","outer membrane lipid asymmetry maintenance protein MlaD",0
"GSbR_01960",456,0.0965,-0.3368,129.51,0.7455,0.4554,0.4667,-0.283632980871203,-0.273927191087477,-0.307933874484229,"","RND transporter",0
"GSbR_01970",195,0.0923,-0.6021,133.66,0.7725,0.4127,0.5645,-0.731958888167972,-1.18200121564018,0.337085002256354,"","organic solvent tolerance ABC transporter substrate-binding protein",0
"GSbR_01980",66,0.1212,-0.3939,126.12,0.6769,0.4154,0.64,-0.0491003673433975,-3.81370552079901,0.816832778153193,"","cold-shock protein",0
"GSbR_01990",643,0.0778,-0.4509,130.23,0.744,0.4944,0.4129,-0.294806796957467,0.421323447973558,-0.875433217951448,"","UPF0313 protein",0
"GSbR_02000",432,0.1111,-0.2377,132.8,0.8068,0.4108,0.5507,-0.71680429068697,0.16508876014594,0.490239450550919,"","B12-binding domain-containing radical SAM protein",0
"GSbR_02010",345,0.0667,0.1432,125.67,0.7544,0.497,0.3962,-0.409261675593874,0.816717426633789,-0.227634996944694,"argC","N-acetyl-gamma-glutamyl-phosphate reductase",0
"GSbR_02020",129,0.0853,-0.5891,128.07,0.7087,0.4173,0.4565,-0.251697325161287,-2.70387643728435,-0.628677196737401,"rpsI","30S ribosomal protein S9",1
"GSbR_02030",141,0.0567,-0.239,127.14,0.6715,0.5109,0.5238,0.0986605992676989,-1.69248408819827,1.09080784661107,"rplM","50S ribosomal protein L13",1
"GSbR_02040",94,0.0638,-0.2926,128.64,0.7065,0.3804,0.375,-0.372026716041462,-0.0377630315197364,1.25467915272052,"gatC","aspartyl/glutamyl-tRNA(Asn/Gln) amidotransferase subunit C",0
"GSbR_02050",484,0.0764,-0.0601,125.81,0.7537,0.4374,0.4226,-0.591408741573707,-0.139959140634004,-0.609551809031295,"gatA","glutamyl-tRNA(Gln) amidotransferase subunit A",0
"GSbR_02060",479,0.0731,-0.2344,128.8,0.7661,0.4292,0.4938,-0.67275719510944,-0.895274745946608,0.311151826063279,"gatB","aspartyl/glutamyl-tRNA(Asn/Gln) amidotransferase subunit B",0
"GSbR_02070",263,0.0798,-0.0475,127.83,0.7804,0.4,0.4458,-0.464332548119165,-0.000704922389092866,1.46972893477222,"","outer-membrane lipoprotein carrier protein",0
"GSbR_02080",160,0.05,-0.54,130.56,0.8165,0.4684,0.5714,-1.25624480185038,-0.831566523003017,-0.755840957341776,"","UPF0234 protein",0
"GSbR_02090",447,0.0649,-0.2966,131.26,0.7968,0.3973,0.5127,-1.06874317321607,-0.930303983165342,-0.113041407281592,"rimO","ribosomal protein S12 methylthiotransferase RimO",0
"GSbR_02100",144,0.0417,-1.0479,133.99,0.7021,0.4043,0.3947,-0.496182896219392,-0.283219219998247,0.414164546461916,"","molecular chaperone DnaK",0
"GSbR_02110",376,0.0505,0.0535,126.37,0.7917,0.6056,0.4231,-0.350079140612961,2.21620420584206,-0.904167820172259,"","(4Fe-4S)-binding protein",0
"GSbR_02120",400,0.0725,-0.4982,131.52,0.5803,0.5492,0.5192,1.84279660841521,-0.873219808127795,-0.375323919621266,"","integrase",0
"GSbR_02130",123,0.1057,-0.1675,131.42,0.4538,0.4874,0.5,2.76888758727795,-1.24543419526556,-1.61657672394322,"","hypothetical protein",0
"GSbR_02140",82,0.061,-0.0963,133.64,0.65,0.375,0.5714,1.60133422511272,-3.89816591939639,0.522455072538657,"","hypothetical protein",0
"GSbR_02150",122,0.1066,-0.2967,132.19,0.6752,0.4615,0.4762,0.830183370292611,-1.96902333725624,-0.843967449100502,"","hypothetical protein",0
"GSbR_02160",200,0.075,-0.501,132.48,0.4521,0.4628,0.3929,2.75979075990336,-1.69369531473584,-0.0121004205339907,"","hypothetical protein",0
"GSbR_02170",374,0.0856,-0.2559,130.68,0.4448,0.4558,0.5,3.34459775188297,-0.977248663895131,0.279662329303753,"","transcriptional regulator",0
"GSbR_02180",144,0.1111,-0.525,134.68,0.4599,0.4745,0.561,2.77407951569917,-0.283715837083999,1.25777352081868,"","hypothetical protein",0
"GSbR_02190",609,0.0722,-0.3025,127.64,0.5651,0.4738,0.5641,1.82857758557029,-2.16180377910741,-0.0151205942476036,"","hypothetical protein",0
"GSbR_02200",288,0.1111,-0.2583,131.34,0.5267,0.4698,0.5909,2.1289041431619,-0.999783655006728,0.164081778962238,"","hypothetical protein",0
"GSbR_02210",141,0.0638,-0.2184,124.15,0.6232,0.3551,0.6667,1.32369276685094,-1.96631468256147,2.29655474993211,"","hypothetical protein",0
"GSbR_02220",109,0.1193,0.1725,126.6,0.4528,0.5849,0.6111,3.24958673997346,-1.34057627427087,-2.53416330296851,"","hypothetical protein",0
"GSbR_02230",105,0.0381,-0.4724,133.4,0.5825,0.4951,0.4737,2.41036688225052,0.230330794313431,2.34550059842047,"","hypothetical protein",0
"GSbR_02240",149,0.047,-0.2087,129.35,0.6507,0.4315,0.2895,0.664697694313165,0.365424721005689,2.22803919371503,"","hypothetical protein",0
"GSbR_02250",64,0.0469,-0.4531,126.45,0.5397,0.5238,0.9231,2.44932643926518,-0.808585075373398,0.717712118009547,"","hypothetical protein",0
"GSbR_02260",913,0.0789,-0.0722,130.33,0.6648,0.4972,0.4522,0.592622357826236,0.967452509540068,0.220785754081446,"","hypothetical protein",0
"GSbR_02270",433,0.0624,-0.2559,130.15,0.7637,0.4511,0.4286,-0.41937899482387,0.670867463960222,0.189992701765233,"","hypothetical protein",0
"GSbR_02280",1066,0.0572,-0.1046,128.25,0.7261,0.5097,0.4791,-0.131707575283296,0.218056654004201,-0.25750685585346,"","hypothetical protein",0
"GSbR_02290",84,0.0833,1.4119,120.69,0.55,0.45,0.3846,2.89549966709707,2.60844938881131,1.10965280821279,"","membrane protein",0
"GSbR_02300",469,0.1429,-0.4902,131.97,0.7237,0.511,0.497,-0.237263868139118,0.60485187885435,-0.241516622295349,"","alginate export family protein",0
"GSbR_02310",515,0.0913,0.8794,122.77,0.7658,0.5051,0.4568,0.0594925414108142,1.27023659345127,0.39537641662868,"","MFS transporter",0
"GSbR_02320",57,0.0351,-0.907,130.19,0.6,0.4727,0.375,2.2534250436261,-0.329595199547319,1.78034645643282,"","hypothetical protein",0
"GSbR_02330",217,0.1336,0.8069,125.77,0.6488,0.4488,0.5195,0.996070269788071,0.629371367228231,1.52267868702959,"hly3","hemolysin III",0
"GSbR_02340",183,0.0656,-0.1355,127,0.7543,0.5714,0.5082,-0.069736060408906,0.69292590870872,-0.327317896286394,"","NAD(P)H-dependent FMN reductase",0
"GSbR_02350",627,0.1085,-0.3396,130.86,0.7727,0.4411,0.3935,-0.495010515488289,-0.145230687713824,-0.548360237728288,"","glucoamylase",0
"GSbR_02360",127,0.0709,0.1693,126.22,0.712,0.472,0.4706,0.407327214548964,0.55587662686036,1.37810371972586,"","hypothetical protein",0
"GSbR_02370",91,0.0659,-0.878,132.09,0.618,0.4607,0.2667,0.789864407508572,1.22922183622297,1.29189490544792,"","hypothetical protein",0
"GSbR_02380",272,0.0882,-0.1989,127.03,0.7203,0.5019,0.3976,0.0310564259112094,-0.0578715300545994,0.468241497059008,"","alpha/beta hydrolase",0
"GSbR_02390",600,0.09,-0.2745,129.04,0.7782,0.4818,0.4615,-0.489187810944223,0.730299132159113,0.126517196028526,"","amidohydrolase",0
"GSbR_02400",378,0.1032,0.2698,128.93,0.7451,0.4482,0.4679,-0.0855900438789453,0.197163077872497,1.23862584245224,"","hypothetical protein",0
"GSbR_02410",190,0.0842,0.2289,128.49,0.6983,0.5698,0.4571,0.637319955690669,2.62845712856606,-0.140811986339294,"","hypothetical protein",0
"GSbR_02420",313,0.1022,-0.0514,128.78,0.7138,0.468,0.4054,0.0787601179043638,-0.527202356154173,0.510139706054219,"","epoxide hydrolase",0
"GSbR_02430",225,0.0756,-0.016,127.15,0.6981,0.5236,0.4219,0.272268858223057,0.0515832135652736,-0.893067429437693,"","hydrolase",0
"GSbR_02440",234,0.0684,-0.0338,130.53,0.7348,0.4478,0.6538,-0.0472106224981777,-0.11424615061055,0.618807860204215,"","pilus protein PilZ",0
"GSbR_02450",229,0.0786,-0.1742,124.67,0.7297,0.527,0.4154,0.150842204564018,0.969298901273997,0.357817359355026,"","dimethylallyltransferase",0
"GSbR_02460",822,0.1022,-0.0786,129.51,0.5075,0.5226,0.5062,2.72378164230917,-0.0435368223258397,0.0290574492043111,"","hypothetical protein",0
"GSbR_02470",361,0.108,-0.0102,127.99,0.5253,0.4129,0.4811,2.44329554202357,-0.676538549281825,1.62379788436768,"","hypothetical protein",0
"GSbR_02480",318,0.0912,-0.3956,135.33,0.7492,0.4662,0.5566,-0.0633395497636213,0.731531235603221,1.52276904213147,"xerC","tyrosine recombinase XerC",0
"GSbR_02490",100,0.06,-0.242,128.28,0.6354,0.5833,0.5,1.32790157154535,1.08579459046207,0.32345204310615,"","hypothetical protein",0
"GSbR_02500",450,0.0644,-0.2376,130.14,0.6781,0.484,0.512,0.663916351284375,0.0724558002125563,0.0393970520644139,"","acetoacetate metabolism regulatory protein AtoC",0
"GSbR_02510",167,0.0299,-0.188,125.29,0.8,0.525,0.4524,-0.47778296727313,1.98398933515412,-0.366308030140175,"moaB","molybdenum cofactor biosynthesis protein",0
"GSbR_02520",164,0.0488,-0.0378,125.03,0.758,0.5796,0.3462,-0.503079925173229,1.28019823814281,-1.48637592169816,"moaC","cyclic pyranopterin monophosphate synthase accessory protein",0
"GSbR_02530",361,0.0499,-0.1296,128.62,0.8174,0.4928,0.4775,-1.16227869547395,0.213587626316401,-1.29960207560926,"pilT-3","twitching motility protein PilT",0
"GSbR_02540",458,0.059,-0.283,130.48,0.8488,0.4876,0.4968,-1.53231146382192,-0.0713691927561489,-1.22197294469164,"dnaB","replicative DNA helicase",0
"GSbR_02550",386,0.0829,-0.2109,129.94,0.7641,0.4075,0.3793,-0.749051517495947,-0.632929622038772,-0.0735528583524867,"","spore coat protein",0
"GSbR_02560",97,0.1031,-0.1784,134.18,0.4737,0.5053,0.4,1.96484182350017,-0.589738466878742,0.341997962286708,"","toxin, RelE family protein",0
"GSbR_02570",75,0.04,-0.3307,131.06,0.5139,0.4583,0.6,2.01132749040171,-1.00380445375259,1.44728967795187,"","hypothetical protein",0
"GSbR_02580",574,0.1167,0.4634,129.03,0.7978,0.5397,0.4184,-0.7976363894667,0.9132857793163,-1.2220527318059,"","glycosyl transferase",0
"GSbR_02590",408,0.0907,-0.2542,130.09,0.8025,0.4481,0.396,-1.14354224993203,0.504200421328599,-0.562769571051304,"","peptidase U32",0
"GSbR_02600",241,0.0705,-0.3253,125.9,0.7437,0.4202,0.473,-0.0222360100386757,-1.34569590996144,1.50790779679768,"","lipoprotein",0
"GSbR_02610",337,0.0682,-0.2045,128.46,0.7462,0.419,0.4821,-0.47060571429677,0.256013993387392,0.574384377366219,"","peptidoglycan-binding protein LysM",0
"GSbR_02620",366,0.0683,0.0454,124.57,0.7444,0.4611,0.3651,-0.0905670177638386,-0.173155734578031,-0.0997898442562281,"dprA","DNA polymerase",0
"GSbR_02630",772,0.0829,-0.4402,129.39,0.8,0.4702,0.4087,-1.17359139345447,-0.340676003693725,-0.876864756868865,"topA","DNA topoisomerase 1",0
"GSbR_02640",439,0.0638,-0.1021,127.12,0.8024,0.48,0.4044,-0.988772900409519,0.41847182459423,-0.890687421888095,"trmFO","methylenetetrahydrofolate--tRNA-(uracil-5-)- methyltransferase TrmFO",0
"GSbR_02650",428,0.0491,-0.1888,126.99,0.7518,0.4048,0.3942,-0.626605456078617,-0.308126341365401,0.189430575762233,"glcF-1","glycolate oxidase iron-sulfur subunit",0
"GSbR_02660",186,0.086,-0.2866,130.87,0.694,0.4317,0.4754,0.00365859520604685,-1.37072218852224,0.525451929740559,"","transcriptional regulator",0
"GSbR_02670",573,0.0785,-0.2316,126.93,0.7681,0.4348,0.4464,-0.852426332829632,-1.05963977298284,-1.01962184652269,"","acetyl-CoA carboxylase carboxyltransferase subunit",0
"GSbR_02680",958,0.0783,-0.2802,129.88,0.7736,0.4377,0.472,-0.889115836843187,-1.15688617553892,-0.421481549860197,"","biotin carboxylase",0
"GSbR_02690",550,0.0873,-0.1887,128.03,0.7665,0.4124,0.507,-0.779854823072486,-1.12496557594964,-0.80587694800077,"","methylmalonyl-CoA mutase",0
"GSbR_02700",134,0.0373,-0.094,127.54,0.6565,0.4733,0.3721,0.439127050014925,0.188064139195018,-0.784737896481177,"mceE","methylmalonyl-CoA epimerase",0
"GSbR_02710",516,0.1047,-0.2426,124.31,0.7188,0.3624,0.5826,-0.277400594505962,-3.11200490068434,0.352079664933905,"ompJ","histidine kinase",0
"GSbR_02720",493,0.0892,-0.2795,127.35,0.643,0.4447,0.4294,0.607161566737479,-1.99467401650326,-0.53409064768523,"","hypothetical protein",0
"GSbR_02730",435,0.0713,-0.1674,129.54,0.6385,0.4249,0.4211,0.871157341085831,-0.695331376092696,-0.896899302728277,"hisZ","ATP phosphoribosyltransferase regulatory subunit",0
"GSbR_02740",429,0.0746,-0.2361,128.44,0.7482,0.4133,0.4027,-0.472638653177957,-0.341625809227776,0.305758204965928,"purA","adenylosuccinate synthetase",0
"GSbR_02750",1177,0.102,-0.169,129.67,0.709,0.4942,0.4086,0.0526829037280197,0.43735655697934,-0.289497398611626,"","alpha-amylase",0
"GSbR_02760",627,0.0718,-0.608,128.91,0.6997,0.4968,0.4155,0.039166740257131,-0.0483258430144193,-0.225565340031314,"","hypothetical protein",0
"GSbR_02770",281,0.0854,0.0359,130.24,0.7,0.4815,0.4824,-0.0867504581570118,0.589470443064465,-0.0251296480343872,"","HD family phosphohydrolase",0
"GSbR_02780",170,0.0471,-0.2865,129.43,0.6485,0.4545,0.283,0.288161520101113,0.667892584383656,0.203354300786256,"def-1","peptide deformylase",0
"GSbR_02790",317,0.0442,0.0306,126.07,0.7566,0.4112,0.4066,-0.46040075171008,-0.590108441803148,1.03880286657806,"fmt","methionyl-tRNA formyltransferase",0
"GSbR_02800",263,0.0608,0.5008,126.84,0.8016,0.4008,0.4902,-0.867009218168522,-0.611858776076142,-0.396186247999526,"","hypothetical protein",0
"GSbR_02810",531,0.0433,-0.0548,127.2,0.7209,0.4709,0.3789,-0.056722821551498,0.209859823423497,0.230309023419234,"","histidine kinase",0
"GSbR_02820",473,0.0613,-0.215,128.01,0.7462,0.4447,0.3191,-0.285815060773174,0.021901435111458,0.951661040904256,"","sigma-54-dependent Fis family transcriptional regulator",0
"GSbR_02830",563,0.0551,-0.2217,126.55,0.7463,0.443,0.4181,-0.227347931899606,0.0692258117162238,-0.00701681864691651,"mcp40H-11","chemotaxis protein",0
"GSbR_02840",388,0.0515,-0.1601,129.22,0.7653,0.4667,0.5116,-0.654176397550316,0.383192228383757,-0.0691124115649217,"","hypothetical protein",0
"GSbR_02850",726,0.073,-0.18,130.43,0.75,0.4457,0.4444,-0.32800500269655,0.0975383004136249,0.924634417373642,"","two-component system response regulator",0
"GSbR_02860",1061,0.0801,-0.2971,131.03,0.793,0.5015,0.4071,-1.0060693015462,0.444979831656497,-1.31880771174971,"glnE","glutamate-ammonia-ligase adenylyltransferase",0
"GSbR_02870",345,0.0638,-0.0901,126.97,0.8012,0.4036,0.404,-1.11891708946519,0.0599021741965282,-1.12297277339481,"mtnA","methylthioribose-1-phosphate isomerase",0
"GSbR_02880",844,0.0723,-0.13,128.61,0.778,0.4717,0.3895,-0.68950648075943,0.539379720725472,-0.834674112581838,"dinG","ATP-dependent DNA helicase DinG",0
"GSbR_02890",161,0.1366,0.5988,131.04,0.7922,0.4481,0.5167,-0.688358719913731,0.178114151546521,-0.68850785449751,"","hypothetical protein",0
"GSbR_02900",310,0.0839,0.0681,132,0.7763,0.4441,0.5196,-0.985579554416291,-0.233306829829449,-0.1905729436311,"","two-component sensor histidine kinase",0
"GSbR_02910",233,0.0987,-0.409,133.62,0.8206,0.4036,0.4324,-1.45441919902155,-1.04108313491782,0.15962352185573,"","DNA-binding response regulator",0
"GSbR_02920",108,0.1111,0.375,131.02,0.7757,0.5421,0.4722,-0.195811330392529,-0.279450572091048,-2.25629321655681,"","hypothetical protein",0
"GSbR_02930",635,0.0457,-0.1184,127.36,0.8109,0.492,0.3698,-1.11930188534202,0.475980539005116,-0.511110870662076,"selB","selenocysteine-specific translation factor",0
"GSbR_02940",50,0.04,-0.854,135.23,0.7551,0.4286,0.3846,1.14568906046854,-0.0114334942015079,1.830774327135,"","hypothetical protein",0
"GSbR_02950",425,0.0824,-0.1186,126.56,0.7524,0.5,0.331,-0.275291429446283,0.871226519460931,-0.574918781242605,"","hypothetical protein",0
"GSbR_02960",669,0.0777,-0.2658,128.42,0.7642,0.478,0.4223,-0.523320249709096,0.359237312617806,-0.531128819369409,"","formate dehydrogenase",0
"GSbR_02970",185,0.0432,0.2659,126.02,0.7135,0.4326,0.45,-0.274412052213874,-1.13996193273156,0.110409381316661,"","amino acid-binding protein",0
"GSbR_02980",167,0.0419,-0.0617,128.41,0.795,0.4286,0.4043,-0.974832158652017,0.398742656916826,0.0706964841523028,"def-2","peptide deformylase",0
"GSbR_02990",181,0.0884,-0.2077,130.6,0.7011,0.4368,0.3548,-0.214058580660878,-0.109181546263004,0.474102833872389,"","AmmeMemoRadiSam system protein A",0
"GSbR_03000",389,0.0386,0.1684,124.24,0.7193,0.4412,0.4815,0.118648163136339,-0.271102065088604,0.311354579390353,"mcp40H-10","methyl-accepting chemotaxis protein",0
"GSbR_03010",885,0.0701,-0.0751,127.27,0.7586,0.4414,0.4121,-0.689160856805787,-0.669182238998107,-0.97669629943184,"ppdK","pyruvate, phosphate dikinase",0
"GSbR_03020",145,0.069,-0.3034,126.01,0.6338,0.5,0.4423,0.512587102378937,-1.03026633064761,-0.866118911748454,"gspG","type II secretion system protein GspG",0
"GSbR_03030",89,0.0337,-0.3753,125.95,0.8118,0.3529,0.3333,-1.08961061537537,-1.98554008498353,1.42312823280661,"ppcE","cytochrome c",0
"GSbR_03040",290,0.0828,-0.1448,129.87,0.7107,0.5393,0.4038,0.00656988423875428,0.483397676779681,-1.43539583256841,"","endonuclease III",0
"GSbR_03050",689,0.09,-0.339,131.52,0.8116,0.4852,0.4833,-1.13221422648216,0.113091635322784,-0.837501676311409,"uvrB","UvrABC system protein B",0
"GSbR_03060",466,0.088,-0.2912,129.2,0.7283,0.4811,0.4966,0.0480497786704125,-0.0197003386404969,-0.279387883859027,"gltX","glutamate--tRNA ligase",0
"GSbR_03070",312,0.0929,-0.2016,130.33,0.7279,0.4885,0.4364,-0.274188619512909,0.275154429579501,-0.821162979655704,"yhcC-2","TIGR01212 family radical SAM protein",0
"GSbR_03080",213,0.0657,0.3164,121.37,0.6381,0.4619,0.4167,0.998540808707225,-0.593162464269755,-0.134464736083794,"thiE","putative thiamine-phosphate synthase",0
"GSbR_03090",259,0.0541,0.2131,124.86,0.76,0.452,0.4096,-0.420273271334602,0.179287975276491,-0.0166185997451205,"thiG","thiazole synthase",0
"GSbR_03100",66,0.0303,0.3712,124.14,0.6462,0.5077,0.5,0.580616256855113,-0.470690704878522,-0.198447049978098,"","sulfur carrier protein ThiS",0
"GSbR_03110",362,0.0552,-0.0467,128.86,0.7507,0.4126,0.4426,-0.775989307730279,-0.624444051588346,-0.479353301727103,"","cobyrinic acid a,c-diamide synthase",0
"GSbR_03120",106,0.066,-0.284,133.7,0.781,0.3238,0.5588,-0.128557039642948,-1.56916972765863,2.93211023201129,"","hypothetical protein",0
"GSbR_03130",248,0.0726,0.4444,124.54,0.786,0.3909,0.4608,-0.810547066615788,-1.07653210825853,-0.335983710692529,"motA","flagellar motor protein",0
"GSbR_03140",260,0.0769,-0.4319,129.4,0.749,0.4183,0.4468,-0.530307789018036,-1.38546794891059,-0.154624257832612,"motB","flagellar basal body stator protein MotB",0
"GSbR_03150",62,0.0323,0.2355,125.8,0.678,0.5763,0.2727,1.21265623123063,2.55550423455472,-0.310098641522904,"","hypothetical protein",0
"GSbR_03160",257,0.0739,-0.079,130.42,0.6614,0.4882,0.4384,0.692883391559484,0.576196367671949,-0.106623916147173,"ttcA","tRNA 2-thiocytidine biosynthesis protein TtcA",0
"GSbR_03170",370,0.1216,-0.1103,128.69,0.7437,0.4873,0.4296,-0.374126441691423,0.000334291439014067,-0.832630234247355,"metX","homoserine O-acetyltransferase",0
"GSbR_03180",340,0.0941,-0.3162,131.09,0.7069,0.5045,0.5,0.0938683288775417,0.176874563452396,0.743881140946217,"","lipoprotein",0
"GSbR_03190",233,0.0601,0.2047,127.1,0.7401,0.5419,0.4342,-0.22062284190884,0.559979160588134,-0.13893794054487,"cbiL","precorrin-2 C(20)-methyltransferase",0
"GSbR_03200",404,0.0767,-0.0304,128.98,0.7577,0.5306,0.4748,-0.548182440220487,0.267262147771531,-1.35880562014616,"cbiET","precorrin-6Y-methylase",0
"GSbR_03210",147,0.0408,-0.419,124.27,0.6759,0.4207,0.3846,0.193040593550017,-0.627023880549974,-0.412923800423956,"","hypothetical protein",0
"GSbR_03220",112,0.0804,0.0116,128.7,0.5856,0.4595,0.4359,2.20005023372247,-0.532691916093566,0.823741116467258,"","hypothetical protein",0
"GSbR_03230",175,0.0629,-0.1331,129.68,0.744,0.5714,0.3818,-0.503384767290617,1.83292267852854,-1.78728376008785,"def2","peptide deformylase 2",0
"GSbR_03240",380,0.0947,0.2853,129.28,0.7562,0.4384,0.4141,-0.342908890302017,-0.146526214453354,-0.080961214717024,"","glycosyl hydrolase",0
"GSbR_03250",600,0.0533,-0.2175,128.44,0.8362,0.4617,0.4115,-1.53073111139828,-0.192749235186892,-1.38733431952566,"typA","GTP-binding protein",0
"GSbR_03260",66,0.0303,-0.7348,130.77,0.7424,0.4848,0.3125,-0.476308920324807,0.485072722556966,0.386345247882124,"","hypothetical protein",0
"GSbR_03270",212,0.0472,-0.2741,128.1,0.801,0.5146,0.322,-0.75590105339676,1.62050797008683,0.0217419512195508,"","uracil-DNA glycosylase",0
"GSbR_03280",104,0.0385,-0.274,123.74,0.767,0.4757,0.3784,-0.209546067527274,-0.498147452204237,0.544483059381513,"","hypothetical protein",0
"GSbR_03290",66,0.1061,-1.0167,142.38,0.6875,0.4844,0.5833,0.455494353029559,-0.187278981971189,2.60454794066682,"","hypothetical protein",0
"GSbR_03300",253,0.1107,-0.4949,131.42,0.1734,0.5685,0.2381,6.20411321736315,1.59083566513217,-4.39859061328877,"","hypothetical protein",0
"GSbR_03310",311,0.1093,-0.2154,128.87,0.2403,0.487,0.3805,5.43791217410217,-0.846556349332246,-2.17759293880341,"","hypothetical protein",0
"GSbR_03320",416,0.0769,0.968,121.23,0.8492,0.4196,0.4904,-1.40699926004203,-0.673911920084317,0.00106096437741611,"uraA","uracil permease",0
"GSbR_03330",207,0.058,0.0135,127.88,0.809,0.4573,0.4462,-1.06219974077369,0.756852675445721,-0.0575419817138742,"upp","uracil phosphoribosyltransferase",0
"GSbR_03340",192,0.0885,-0.1203,131.73,0.7049,0.5246,0.4918,0.000278906877573539,0.911833332831791,-0.106840646361478,"","phosphohydrolase",0
"GSbR_03350",417,0.0456,0.1492,124.86,0.8139,0.4342,0.3913,-1.1171045122036,0.12607340046159,-1.13131053795291,"proA","gamma-glutamyl phosphate reductase",0
"GSbR_03360",265,0.1245,-0.3634,134.18,0.8452,0.4563,0.5222,-1.38631217937893,0.47512665793613,0.0423220259138343,"draT","N-acyl homoserine lactonase",0
"GSbR_03370",108,0.0556,-0.0889,128.51,0.7885,0.5962,0.4667,-0.806954032859839,2.09904555481283,-0.863331407404871,"nifB","dinitrogenase iron-molybdenum cofactor biosynthesis protein",0
"GSbR_03380",86,0.093,-0.1198,129.78,0.7952,0.4578,0.6538,-0.606271870903842,-0.790243914176407,-0.19051503003621,"fdxN","ferredoxin III, nif-specific",0
"GSbR_03390",127,0.0709,-0.3362,129.11,0.7025,0.4876,0.2973,-0.0660924547339477,0.794555134640956,-0.299317824228694,"nifX","nitrogen fixation protein NifX",0
"GSbR_03400",927,0.0712,-0.1468,126.68,0.8083,0.4372,0.4444,-1.05838551020655,-0.242261266948448,0.10459836044565,"nifEN","bifunctional nitrogenase iron-molybdenum cofactor biosynthesis protein NifEN",0
"GSbR_03410",80,0.1,-0.4038,130.42,0.641,0.5641,0.625,1.20437480806177,0.428311923607663,0.798786235430041,"","hypothetical protein",0
"GSbR_03420",150,0.06,-0.3087,129.35,0.7172,0.4828,0.5122,-0.356821932749485,0.277260206695468,1.23155114083086,"","response regulator",0
"GSbR_03430",540,0.0574,-0.2733,128.81,0.7519,0.4637,0.4114,-0.299319727383769,0.462359537611418,1.18756821326354,"","hypothetical protein",0
"GSbR_03440",408,0.1103,0.7382,122.23,0.7552,0.4716,0.4534,-0.380239698438995,0.339342604496536,-0.808860837319989,"","MFS transporter",0
"GSbR_03450",287,0.0592,0.2756,121.69,0.7958,0.4648,0.3295,-0.511847035136401,1.19556989770178,0.949256050679594,"","lipoprotein",0
"GSbR_03460",423,0.0898,-0.0865,129.87,0.8145,0.4627,0.4494,-1.16803456926735,-0.0695881113641906,-0.957627356861668,"","hypothetical protein",0
"GSbR_03470",320,0.0875,0.2791,126.78,0.7767,0.56,0.3333,-0.390438249782574,1.52215018498984,-0.564403692226122,"","rhomboid family intramembrane serine protease",0
"GSbR_03480",146,0.0616,-0.2897,131.88,0.6389,0.4167,0.4737,0.82252014036444,-0.766466726680978,1.31341548454417,"","transcriptional repressor",0
"GSbR_03490",483,0.1077,-0.577,131.15,0.7527,0.3785,0.3871,-0.773017645777793,-0.827498124066728,0.190582044153973,"katA","catalase",0
"GSbR_03500",165,0.0848,-0.3588,127.45,0.7423,0.3804,0.3016,-0.62245706743023,-0.495479656963802,0.701614099112882,"","rubrerythrin",0
"GSbR_03510",292,0.0925,-0.162,128.72,0.5786,0.4857,0.4051,1.4977300488439,0.331751268075128,0.0314283675098809,"","SAM-dependent methyltransferase",0
"GSbR_03520",488,0.0963,-0.2217,128.63,0.8468,0.3723,0.4815,-1.64458542512103,-0.959655744152954,-0.0758139804430621,"nifK","nitrogenase molybdenum-iron protein subunit beta",0
"GSbR_03530",482,0.0954,-0.2805,129.35,0.8649,0.3943,0.462,-1.62420440596584,-0.937690982575734,-0.448572176608618,"nifD","nitrogenase protein alpha chain",0
"GSbR_03540",287,0.0557,-0.0484,127.01,0.7964,0.4218,0.5189,-1.03859521051858,-2.38315151491229,-0.720183643819268,"nifH","nitrogenase iron protein",0
"GSbR_03550",81,0.0741,-0.4383,125.18,0.7625,0.4125,0.3704,-0.340697850368993,-0.30678941043434,0.377407841196631,"","hypothetical protein",0
"GSbR_03560",154,0.0325,0.789,112.95,0.7255,0.4314,0.5116,-0.0150358617697015,0.11505403831487,0.733029052974014,"","hypothetical protein",0
"GSbR_03570",600,0.0617,0.1537,120.7,0.7983,0.4373,0.4481,-0.633385085137248,0.114127460346083,1.04727022573149,"","hypothetical protein",0
"GSbR_03580",243,0.0535,0.1502,122.08,0.7848,0.4346,0.481,-0.506261746003397,-0.0433524624718487,0.96060114688186,"","hypothetical protein",0
"GSbR_03590",586,0.1263,-0.2969,127.77,0.7758,0.3743,0.4866,-0.659374563476732,0.112156428132121,1.20071756223961,"","hypothetical protein",0
"GSbR_03600",707,0.1273,-0.304,128.88,0.7266,0.4518,0.5125,0.0539353209339223,0.176911364251265,0.846229512406394,"","TonB-dependent receptor",0
"GSbR_03610",338,0.0947,-0.108,128.13,0.7485,0.4877,0.3846,0.101094693591693,0.54278406871775,-0.350034424420667,"","iron ABC transporter substrate-binding protein",0
"GSbR_03620",135,0.0667,0.2163,125.51,0.7578,0.4609,0.4054,-0.508203377864664,1.45959862902954,0.846796335264601,"","hypothetical protein",0
"GSbR_03630",402,0.0423,0.3791,115.35,0.804,0.4372,0.3485,-0.543891835058578,0.317798671090268,0.727264682647248,"","hypothetical protein",0
"GSbR_03640",2628,0.0586,0.1078,115.19,0.7593,0.3223,0.4037,-0.164566301537185,-1.04248413087387,1.80309476898789,"","hypothetical protein",0
"GSbR_03650",272,0.1324,-0.0816,123.27,0.7143,0.3822,0.4639,0.31230253514915,-0.427990534899122,0.873536441362341,"","hypothetical protein",0
"GSbR_03660",106,0.0755,-0.1925,128.94,0.7843,0.5294,0.3571,-0.363721568337296,2.19250944251116,0.964835256644025,"","hypothetical protein",0
"GSbR_03670",424,0.0448,0.1651,124.79,0.7764,0.4615,0.4094,-0.385240896506961,0.452300183521449,0.800441380877237,"","cytosolic NiFe-hydrogenase subunit alpha",0
"GSbR_03680",250,0.072,0.084,127.37,0.7429,0.4857,0.3951,-0.177637966942436,0.839372470590034,-0.356235571308288,"","cytosolic NiFe-hydrogenase subunit delta",0
"GSbR_03690",281,0.0712,0.1441,125.68,0.7418,0.5055,0.5,-0.445798812143752,-0.0115587293914664,-0.490323547785282,"","oxidoreductase",0
"GSbR_03700",330,0.097,-0.1345,129.19,0.6944,0.4383,0.3738,0.0577251795516759,0.24885487444128,0.08818500513299,"","hydrogenase",0
"GSbR_03710",64,0.0625,-0.3906,130.97,0.7097,0.3548,0.4444,0.691709477223513,-0.525821045613528,4.74185878706351,"","hypothetical protein",0
"GSbR_03720",379,0.0501,-0.1111,126.57,0.782,0.4959,0.4833,-0.886976042733743,1.14684875434193,-0.867862978204722,"nifV","homocitrate synthase",0
"GSbR_03730",72,0.0556,0.4861,120.93,0.5571,0.4857,0.5909,1.71678620508894,-1.77613717656724,-1.14533752079981,"","hypothetical protein",0
"GSbR_03740",388,0.0619,-0.1595,128.35,0.7192,0.4304,0.4917,0.187255388802121,-0.152170684450431,1.37902728463332,"","sensor histidine kinase",0
"GSbR_03750",216,0.088,-0.3894,132.06,0.6957,0.3575,0.4658,0.0828391432694214,0.414379951137592,2.01162793771413,"cheD1","putative chemoreceptor glutamine deamidase CheD 1",0
"GSbR_03760",274,0.0766,-0.0161,123.2,0.7701,0.4866,0.3409,-0.226275386651436,1.29956901542228,-0.184644921148975,"","N-acetyltransferase",0
"GSbR_03770",290,0.0414,-0.0197,126.28,0.8198,0.4629,0.4409,-0.991462443438918,1.23880304476887,0.315369637323293,"","nitrogenase molybdenum-iron cofactor biosynthesis radical SAM domain iron-sulfur cluster-binding oxidoreductase",0
"GSbR_03780",300,0.0967,-0.0523,127.62,0.743,0.3944,0.4078,-0.225813764820253,0.233271777885294,-0.0418828245294834,"draG","ADP-ribosyl-[dinitrogen reductase] hydrolase",0
"GSbR_03790",186,0.0269,-0.0796,128.28,0.6286,0.4857,0.5227,0.878844356126605,0.187266412462469,-0.128468947552036,"gnfR","transcriptional regulator",0
"GSbR_03800",808,0.0718,-0.2876,130.51,0.7692,0.4526,0.4917,-0.656134532300025,0.453609833209994,0.752857094591312,"","hypothetical protein",0
"GSbR_03810",662,0.0921,0.0662,129.77,0.7848,0.4478,0.4735,-0.774581217147154,0.0598090502499401,0.252623513372146,"","electron transfer flavoprotein",0
"GSbR_03820",441,0.0476,-7e-04,125.49,0.7583,0.4502,0.3939,-0.63461265742436,0.298188852252146,-0.960300365278478,"etfA","electron transfer flavoprotein subunit alpha",0
"GSbR_03830",270,0.037,0.003,126.84,0.7701,0.4943,0.3418,-0.616881288373962,0.34638437671346,-0.479077724198544,"","electron transfer flavoprotein subunit beta",0
"GSbR_03840",447,0.0872,-0.3054,128.03,0.8088,0.3479,0.5083,-1.24545500253378,-1.81079927248761,0.525142097552268,"gdhA","glutamate dehydrogenase",0
"GSbR_03850",259,0.0541,0.1714,122.86,0.78,0.428,0.3878,-0.857800979402336,-0.0682723733831037,-0.394963191836943,"","3-hydroxybutyrate dehydrogenase",0
"GSbR_03860",393,0.0356,0.0606,122.35,0.7513,0.5445,0.3588,-0.218641814383961,1.25340170603179,-0.681385440128172,"","acetyl-CoA acetyltransferase",0
"GSbR_03870",212,0.0377,0.1,124.36,0.8358,0.403,0.411,-1.31126792201298,-0.26714751578289,0.845739733708195,"","succinyl-CoA--3-ketoacid-CoA transferase",0
"GSbR_03880",229,0.0699,-0.1323,127.46,0.8027,0.4843,0.4125,-0.857911695502076,0.897777137388626,0.178273550843214,"scoA","putative succinyl-CoA:3-ketoacid coenzyme A transferase subunit A",0
"GSbR_03890",312,0.1378,1.0035,125.56,0.7781,0.4868,0.4309,-0.555484560215466,0.320166382114603,-0.873756646688969,"","branched-chain amino acid ABC transporter permease",0
"GSbR_03900",300,0.1133,0.9977,125.33,0.7978,0.4549,0.4904,-0.815999085638371,1.03664412108622,0.424427612533919,"","branched-chain amino acid ABC transporter permease",0
"GSbR_03910",404,0.0842,-0.1012,124.17,0.7963,0.4386,0.4453,-0.913866101348284,0.354692406184438,-0.355025563503133,"","ABC transporter permease",0
"GSbR_03920",242,0.0455,-0.0273,127.59,0.7597,0.5236,0.4026,-0.566970472555527,0.756829059506369,-0.195332950539468,"","ABC transporter ATP-binding protein",0
"GSbR_03930",249,0.0522,-0.0173,126.53,0.7727,0.4959,0.3867,-0.648997431752639,0.37730435640764,-0.157626428845456,"","ABC transporter ATP-binding protein",0
"GSbR_03940",263,0.0418,0.0224,125.7,0.6848,0.5798,0.4493,0.183314772217088,1.0499903810545,-0.743026829525948,"","universal stress protein A",0
"GSbR_03950",51,0.1373,-0.8157,137.15,0.3061,0.551,0.4667,5.03795651770503,-0.266771647836085,-3.3583463523739,"","hypothetical protein",0
"GSbR_03960",474,0.0654,-0.2171,129.93,0.7435,0.4591,0.4861,-0.347092829194911,0.121297276994476,0.667746874989722,"","sigma-54-dependent Fis family transcriptional regulator",0
"GSbR_03970",774,0.0788,-0.4435,131.33,0.761,0.4728,0.4,-0.552979963832503,0.1769564698737,-0.80060489180809,"pcrA","DNA helicase",0
"GSbR_03980",469,0.0661,-0.0194,128,0.7255,0.4837,0.4789,-0.0938501752107118,0.8204241676169,0.274957938145775,"","sigma-54-dependent Fis family transcriptional regulator",0
"GSbR_03990",122,0.0492,-0.091,131.03,0.6903,0.6283,0.4839,0.0229007140983312,0.894080460695682,-1.71077402656681,"","hypothetical protein",0
"GSbR_04000",288,0.0451,0.0139,124.68,0.6703,0.5125,0.4884,0.418278236794864,0.750619821215047,-0.0183000692801473,"","hypothetical protein",0
"GSbR_04010",468,0.1197,0.7113,126.4,0.7114,0.4591,0.4709,0.244914804057737,-0.153145061711789,-0.84828313000817,"norM","MATE family efflux transporter",0
"GSbR_04020",300,0.05,-0.367,124.99,0.6847,0.4949,0.4804,0.45800733666262,-0.361474607343319,0.181295576009731,"flgL","flagellar hook-associated protein 3",0
"GSbR_04030",460,0.0543,-0.2178,123.51,0.6741,0.4922,0.4295,0.62848700836166,0.617017062380831,-0.550888063293294,"flgK","flagellar hook-associated protein 1",0
"GSbR_04040",160,0.0187,-0.3306,128.24,0.6387,0.5161,0.5405,0.970702485640589,0.597383095801618,0.0487881704215664,"","hypothetical protein",0
"GSbR_04050",122,0.041,-0.7205,128.8,0.6581,0.5897,0.4483,0.242453202859953,0.944822669132936,-1.06120905809614,"","hypothetical protein",0
"GSbR_04060",363,0.0275,0.2264,122.18,0.7127,0.4958,0.4068,0.0300908118701116,-0.302146952633097,-1.04689724482609,"flgI","flagellar P-ring protein",0
"GSbR_04070",229,0.048,-0.1594,125.36,0.713,0.4709,0.4211,0.0968459955805473,-0.121880176395206,-0.842939579469668,"flgH","flagellar L-ring protein",0
"GSbR_04080",235,0.034,0.0715,127.26,0.6886,0.5044,0.5085,0.46823243455902,0.21373059807693,1.1524429334485,"flgA","flagella basal body P-ring formation protein FlgA",0
"GSbR_04090",261,0.0498,-0.282,122.89,0.6706,0.496,0.5495,0.490694798813979,0.0205551613541919,0.0534914273269909,"flgG","flagellar basal-body rod protein FlgG",0
"GSbR_04100",242,0.062,-0.1715,122.64,0.6213,0.5532,0.4268,0.828605525371346,0.205570915386269,-0.793598651152329,"flgF","flagellar basal-body rod protein FlgF",0
"GSbR_04110",242,0.0537,-0.2087,130.73,0.6596,0.5447,0.5167,0.80176096674725,0.238380125287081,-0.23185466932625,"fliA","DNA-directed RNA polymerase sigma-70 factor",0
"GSbR_04120",306,0.0523,-0.0124,126.75,0.6467,0.5267,0.4494,0.456086133270485,0.429939088647841,-0.739899795972333,"flhG","site-determining protein",0
"GSbR_04130",443,0.0451,-0.2853,127.89,0.6636,0.5012,0.4211,0.582614845372215,-0.45255782753064,0.0359846489315637,"flhF","flagellar biosynthesis protein FlhF",0
"GSbR_04140",694,0.0663,0.4024,125.76,0.7208,0.5081,0.45,-0.0734346805993496,-0.0302708775316349,-1.05576757580868,"flhA","flagellar biosynthesis protein FlhA",0
"GSbR_04150",355,0.0845,0.1485,131.61,0.7219,0.5148,0.5333,-0.176287267228153,0.783096504788371,-0.145157789223988,"flhB","flagellar biosynthesis protein FlhB",0
"GSbR_04160",263,0.0837,1.0567,126.58,0.7388,0.4245,0.5275,0.0777161597955934,-0.119829839070376,0.627055390842012,"fliR","flagellar biosynthetic protein FliR",0
"GSbR_04170",88,0.1136,1.0693,130.01,0.775,0.4625,0.5312,-0.0956827904053996,0.396077046954584,0.260614337649316,"fliQ","flagellar biosynthetic protein FliQ",0
"GSbR_04180",254,0.0906,0.8055,128.06,0.7004,0.5527,0.45,0.370992090254851,0.274825541080108,-1.32818291295241,"fliP","flagellar biosynthetic protein FliP",0
"GSbR_04190",138,0.058,0.3812,126.4,0.6471,0.4779,0.3824,1.20737165943287,0.923144742826691,0.52595272375204,"fliO","flagellar protein",0
"GSbR_04200",98,0.0306,-0.0031,129.13,0.6531,0.4898,0.6522,0.56371392056811,-0.582587002217099,0.47950365623579,"fliN","flagellar motor switch protein FliN",0
"GSbR_04210",325,0.0646,0.0683,129.28,0.6527,0.5016,0.4639,0.844887330209518,-0.220553730499228,-0.0288720668255973,"fliM","flagellar motor switch protein FliM",0
"GSbR_04220",172,0.0465,-0.0163,124.27,0.6084,0.5,0.4667,0.788768035509796,-1.34615567711987,0.456361135233459,"fliL","flagellar basal body protein FliL",0
"GSbR_04230",263,0.0608,-0.0677,122.42,0.6627,0.4667,0.4783,0.55992424800205,-1.09853899945927,0.41826199765839,"","flagellar basal body protein",0
"GSbR_04240",128,0.0391,-0.1836,124.31,0.621,0.5887,0.5833,1.18789029501111,0.50510963628988,-1.64572399934965,"","flagellar protein",0
"GSbR_04250",219,0.0594,0.0466,119.42,0.615,0.5023,0.3889,1.08455123103264,-0.403205320928984,-1.4692995803332,"flgD","basal-body rod modification protein FlgD",0
"GSbR_04260",616,0.0244,-0.317,122.85,0.526,0.5226,0.4474,2.14831019889423,-0.863963719617319,-0.196624551715583,"","hypothetical protein",0
"GSbR_04270",182,0.044,-0.5258,129.71,0.5941,0.5941,0.5,1.28841164712828,-0.884237709015538,-0.920727189294148,"","hypothetical protein",0
"GSbR_04280",146,0.0685,-1.0247,138.11,0.5874,0.5315,0.5333,1.12574630025977,-0.553909731020824,0.959644458548045,"fliJ","flagellar export protein FliJ",0
"GSbR_04290",438,0.0548,-0.0498,126.36,0.6232,0.5427,0.4444,0.91716296069032,0.647719799941714,-1.02102793187774,"fliI","flagellum-specific ATP synthase FliI",0
"GSbR_04300",251,0.0398,-0.2143,128.52,0.623,0.5902,0.5072,1.03868263734668,0.349192311487339,-0.972418334852626,"fliH","flagellar assembly protein FliH",0
"GSbR_04310",333,0.042,-0.1754,129.51,0.6991,0.5047,0.4333,-0.174377154307785,-0.398331115717261,-0.928602277177153,"fliG","flagellar motor switch protein FliG",0
"GSbR_04320",525,0.059,-0.2364,126.76,0.6719,0.4951,0.4615,0.533726593872882,-0.422820188247984,-0.202410739513225,"fliF","flagellar M-ring protein",0
"GSbR_04330",99,0.0707,-0.1768,125.29,0.617,0.5,0.4688,0.904064937221859,-1.88140922436926,-1.02571365835122,"fliE","flagellar hook-basal body complex protein FliE",0
"GSbR_04340",144,0.0556,-0.3403,125.43,0.5839,0.5985,0.3696,1.48305377173709,0.499235743500968,-0.941107306972331,"flgC","flagellar basal-body rod protein FlgC",0
"GSbR_04350",139,0.036,-0.4058,124.73,0.5662,0.5588,0.525,1.84762223181371,-0.0155495959444261,-0.784197893013657,"flgB","flagellar basal body rod protein FlgB",0
"GSbR_04360",703,0.0953,-0.239,130.34,0.6475,0.531,0.4398,0.856137263671544,0.453200864190561,-0.264665984904484,"","lipoprotein",0
"GSbR_04370",361,0.0582,-0.1319,127.5,0.6838,0.5613,0.5055,0.498252709249702,0.321882426715371,-0.77550686489933,"","response regulator",0
"GSbR_04380",167,0.0599,0.2168,125.81,0.675,0.4375,0.5366,0.0226366215564104,0.774793291491404,0.0627688825867122,"cheX64H","chemotaxis protein CheX",0
"GSbR_04390",120,0.025,0.0492,123.58,0.6696,0.4609,0.5556,0.514530055252379,-0.879546289787153,1.41342202940409,"cheY64H-1","response regulator",0
"GSbR_04400",468,0.0812,-0.1053,128.07,0.6887,0.5254,0.4333,0.153039964605131,1.12687334107173,-0.490307779271941,"","phosphoesterase",0
"GSbR_04410",89,0.0899,-0.1955,130.3,0.6395,0.5233,0.3846,0.543657966204834,0.681734979034602,0.306061943775089,"","hypothetical protein",0
"GSbR_04420",744,0.0484,-0.138,124.92,0.6889,0.5528,0.337,0.724848818235462,0.806129757727353,0.189938614493157,"","hypothetical protein",0
"GSbR_04430",853,0.0996,-0.2675,132.24,0.7388,0.4975,0.4245,-0.496084221294627,0.155559997039375,-0.303548070609183,"","alpha-glucan phosphorylase",0
"GSbR_04440",402,0.0697,0.4266,127.32,0.7285,0.5614,0.4182,-0.0893031590193383,0.275549690969346,-0.681941597334171,"gspF","type II secretion system protein GspF",0
"GSbR_04450",522,0.0402,0.0178,127.52,0.7648,0.4881,0.3841,-0.66794884155862,0.272465225825501,-0.730228427531279,"gspE","type II secretion system protein GspE",0
"GSbR_04460",659,0.0516,0.0272,125,0.7527,0.4513,0.4928,-0.527479365248999,-0.51839934468959,0.32228742378896,"gspD","type II secretion system protein GspD",0
"GSbR_04470",292,0.0548,0.0764,122.7,0.6807,0.5193,0.5238,0.353173286572706,-0.287563695556531,-0.77896220518266,"gspC","general secretion pathway protein GspC",0
"GSbR_04480",277,0.0686,-0.1202,127.03,0.7008,0.4697,0.4444,-0.227158209233142,-0.109348374851194,-1.08961904809242,"dapF","diaminopimelate epimerase",0
"GSbR_04490",178,0.0618,0.0433,127.32,0.7836,0.3743,0.4909,-0.720004308720981,0.489460474323391,0.0437176144160306,"yrdA","gamma carbonic anhydrase family protein",0
"GSbR_04500",429,0.0862,0.7557,125.83,0.7808,0.4483,0.4574,-0.450614240947226,0.747413992308519,0.491171393985849,"mntH","divalent metal cation transporter MntH",0
"GSbR_04510",284,0.0423,0.1299,125.52,0.7117,0.4927,0.2973,-0.0412960274632207,0.536113510662008,0.99111261799374,"","hypothetical protein",0
"GSbR_04520",252,0.0794,0.0429,128.02,0.7298,0.4073,0.4588,-0.0552889365521166,-0.0167091104659749,-0.00102231463314143,"","MBL fold metallo-hydrolase",0
"GSbR_04530",283,0.1696,0.4583,133.69,0.8127,0.427,0.4815,-1.15096227750771,0.396343986899766,-0.743002297066697,"","membrane protein",0
"GSbR_04540",323,0.0836,-0.1368,128.65,0.767,0.4531,0.4628,-0.842883080692473,0.0854411586935075,-0.540825590735134,"hemB","delta-aminolevulinic acid dehydratase",0
"GSbR_04550",418,0.0742,-0.0708,127.79,0.783,0.4439,0.4231,-0.843900184622656,-0.401605282803963,-0.641445613537557,"","hypothetical protein",0
"GSbR_04560",80,0.0625,-0.1138,120.42,0.6962,0.443,0.4706,-0.277290913090676,-2.1584857717723,-1.08108768169767,"","hypothetical protein",0
"GSbR_04570",1006,0.0984,-0.261,131.77,0.8053,0.4385,0.4687,-0.982217592125634,0.10453367209767,0.19336134501734,"","amino acid dehydrogenase",0
"GSbR_04580",174,0.0575,-0.0224,126.84,0.7811,0.4201,0.386,-0.690338404308569,0.405026012015097,0.41800277454596,"cobA","cob(I)alamin adenolsyltransferase/cobinamide ATP-dependent adenolsyltransferase",0
"GSbR_04590",133,0.0451,-0.091,125.08,0.7955,0.3788,0.4167,-0.621982020502254,-1.63158757342847,-0.573076633653311,"","methylmalonyl-CoA mutase",0
"GSbR_04600",314,0.0446,-0.0799,125.91,0.7492,0.4224,0.381,-0.65887918156611,-0.122346268053201,0.154210795056175,"","GTPase",0
"GSbR_04610",194,0.1082,0.6515,127.61,0.768,0.4641,0.4,-0.604224571458968,-0.377620879467622,0.418529338954528,"cbiQ","cobalt ECF transporter T component CbiQ",0
"GSbR_04620",282,0.0638,-0.072,127.86,0.7709,0.4764,0.3933,-0.502148447565148,0.258923445739887,-0.180766648623625,"","putative ABC transporter ATP-binding protein",0
"GSbR_04630",130,0.0308,0.5508,122.05,0.6508,0.4921,0.4167,0.399339897910066,0.382958884502207,0.0122825033400742,"","hypothetical protein",0
"GSbR_04640",102,0.0294,-0.2608,123.16,0.65,0.48,0.4138,0.252420467734204,0.430973671392761,-0.923142166491522,"","hypothetical protein",0
"GSbR_04650",295,0.0949,0.6207,128.4,0.743,0.5,0.4943,-0.130215815778761,0.0220365152773238,-0.332559796387069,"","hypothetical protein",0
"GSbR_04660",494,0.0992,-0.3887,130.27,0.7275,0.4549,0.4368,-0.394715084891751,-1.10604201134363,-0.301656736761502,"","lytic transglycosylase",0
"GSbR_04670",243,0.1193,-0.0901,133.67,0.75,0.4364,0.443,-0.688950675453738,-0.507005968124727,-0.209388802707248,"","hypothetical protein",0
"GSbR_04680",184,0.0761,0.0375,128.53,0.7345,0.4746,0.3585,-0.0764749234737036,1.04721696934119,0.596744064506597,"","nitroreductase",0
"GSbR_04690",260,0.1192,-0.3031,130.24,0.7171,0.4582,0.4103,-0.363505906553884,0.56430339187488,-0.452066826169379,"","hypothetical protein",0
"GSbR_04700",295,0.0407,-0.1146,125.44,0.7727,0.493,0.4615,-0.417803224497346,1.41165969331313,0.322469864215471,"","arginase",0
"GSbR_04710",367,0.079,-0.1698,127.41,0.743,0.4777,0.3333,-0.610210278009172,0.985655711425044,-1.21525523760894,"","hypothetical protein",0
"GSbR_04720",96,0.0312,-0.0344,128.05,0.7742,0.5054,0.4667,-0.251252298202692,0.881946294773244,-0.360431031909334,"","hypothetical protein",0
"GSbR_04730",565,0.0619,-0.0129,129.42,0.7394,0.475,0.4118,-0.247670771801629,0.116280511500488,0.779655700333336,"","fused response regulator/phosphatase",0
"GSbR_04740",523,0.0459,-0.008,126.09,0.7545,0.4653,0.4636,-0.234769939505839,0.813504015098952,0.925293016251734,"mcp40H-20","methyl-accepting chemotaxis protein",0
"GSbR_04750",152,0.1118,0.2822,124.69,0.6556,0.4702,0.3898,0.368042354884054,0.487541882872894,-0.0594863499527889,"","hypothetical protein",0
"GSbR_04760",863,0.0788,0.0542,129.71,0.7391,0.4928,0.476,-0.0551956787839058,0.400899185061828,0.66133854409145,"","hypothetical protein",0
"GSbR_04770",152,0.0658,-0.2493,132.17,0.7448,0.4621,0.6667,-0.517003219021107,0.440124830851868,1.22244830965512,"","response regulator",0
"GSbR_04780",608,0.0592,-8e-04,127.34,0.7858,0.4435,0.4213,-0.904519395820329,0.278303975419107,0.00921133439338349,"glmS","glutamine--fructose-6-phosphate aminotransferase [isomerizing]",0
"GSbR_04790",440,0.0773,0.0486,127.29,0.5267,0.5104,0.48,2.24998156419796,0.02147378926901,0.140491796280301,"","metal-dependent hydrolase",0
"GSbR_04800",165,0.097,1.2515,120.57,0.6646,0.5443,0.6154,0.920080908677084,0.325645120102048,-0.421132066332731,"","membrane protein",0
"GSbR_04810",82,0.0488,0.3915,126.05,0.5696,0.4937,0.4167,2.18524433017591,-0.131128732562016,-0.450970803595754,"","redox-active disulfide protein 2",0
"GSbR_04820",292,0.113,-0.5096,132.76,0.75,0.475,0.495,-0.509369204045468,-0.469317607883988,-1.28285160968676,"","transpeptidase",0
"GSbR_04830",355,0.093,-0.093,126.58,0.7713,0.4252,0.3876,-0.873033805508186,0.268923315563672,-0.78152817933429,"ltaE","L-threonine aldolase",0
"GSbR_04840",51,0.1176,-0.2627,132.06,0.8235,0.4902,0.7895,-1.41927022298642,0.32798780780145,-0.856694744369804,"","hypothetical protein",0
"GSbR_04850",879,0.0944,-0.3904,132.04,0.7951,0.4508,0.4345,-0.942349809007678,0.301162098307401,-0.0471791501885805,"pepN","aminopeptidase N",0
"GSbR_04860",823,0.0778,-0.1869,129.28,0.7765,0.4557,0.3409,-0.685927674681981,-0.202903325930426,-0.565412152057208,"","B12-binding protein",0
"GSbR_04870",506,0.0632,-0.3579,132.27,0.8256,0.4341,0.5342,-1.31065535635517,-0.42012740822284,-0.45867881188483,"cafA","ribonuclease G",0
"GSbR_04880",60,0.0667,-0.9983,138.55,0.6364,0.4545,0.5909,0.329689292749473,-2.01734386202256,0.0507404482047603,"hgtR","hydrogenase expression protein HypE",0
"GSbR_04890",1134,0.06,-0.1996,128.43,0.6909,0.4482,0.4949,0.235724255514513,0.415116289452347,1.29014506454959,"","hypothetical protein",0
"GSbR_04900",420,0.0524,-0.1438,128.66,0.6904,0.4742,0.5,0.0426403089234508,0.340536313333873,0.647253729483475,"","two-component system response regulator",0
"GSbR_04910",1192,0.0839,-0.0668,126.18,0.8355,0.3943,0.4454,-1.39266627136379,-0.967677503222806,-0.0729348667806954,"por","pyruvate-flavodoxin oxidoreductase",0
"GSbR_04920",53,0.0566,-1.0774,135.2,0.5769,0.4231,0.5385,1.56963716200327,-0.897974545659416,4.24905840079272,"hgtR","hydrogenase expression protein HypE",0
